Name,Address,Contact,Ranking,Cuisine,Reviews,Opening_hours,Ratings,Website,Item_url
Burger & Lobster,"39 W 19th St between Fifth & 6th Avenues, New York City, NY 10011-4225",+1 646-833-7532,#115,$$ - $$$AmericanSeafood,"1,104 reviews",See all hours,4.5,http://www.burgerandlobster.com/locations/new-york/flatiron/,https://www.tripadvisor.com/Restaurant_Review-g60763-d7345837-Reviews-Burger_Lobster-New_York_City_New_York.html
Piccola Cucina Estiatorio,"75 Thompson St., New York City, NY 10012",+1 646-781-9183,#1,$$ - $$$ItalianSicilianVegetarian Friendly,692 reviews,See all hours,5.0,http://www.piccolacucinagroup.com/piccola-cucina-estiatorio-sohy-nyc/,https://www.tripadvisor.com/Restaurant_Review-g60763-d12425739-Reviews-Piccola_Cucina_Estiatorio-New_York_City_New_York.html
Olio E Più,"3 Greenwich Ave, New York City, NY 10014",+1 212-243-6546,#2,$$ - $$$ItalianPizzaVegetarian Friendly,"3,371 reviews",See all hours,4.5,http://www.olioepiu.com/,https://www.tripadvisor.com/Restaurant_Review-g60763-d1878682-Reviews-Olio_E_Piu-New_York_City_New_York.html
Petite Boucherie,"14 Christopher St, New York City, NY 10014-3523",+1 646-756-4145,#3,$$ - $$$FrenchVegetarian FriendlyVegan Options,714 reviews,See all hours,4.5,http://boucherieus.com/,https://www.tripadvisor.com/Restaurant_Review-g60763-d10145683-Reviews-Petite_Boucherie-New_York_City_New_York.html
Boucherie Union Square,"225 Park Avenue South, New York City, NY 10003-1604",+1 212-353-0200,#4,$$$$FrenchSteakhouseGluten Free Options,"1,575 reviews",See all hours,5.0,http://boucherieus.com/,https://www.tripadvisor.com/Restaurant_Review-g60763-d13504265-Reviews-Boucherie_Union_Square-New_York_City_New_York.html
Jams,"1414 6th Ave, New York City, NY 10019",+1 212-703-2007,#5,$$ - $$$AmericanHealthyVegetarian Friendly,809 reviews,See all hours,4.5,https://www.1hotels.com/central-park/taste/jams,https://www.tripadvisor.com/Restaurant_Review-g60763-d8557227-Reviews-Jams-New_York_City_New_York.html
Brooklyn Chop House - Times Square,"253 W 47th St, New York City, NY 10036-1412",+1 212-619-1210,"#3,036",$$$$ChineseSteakhouseBar,19 reviews,See all hours,4.0,https://www.brooklynchophouse.com/times-square/,https://www.tripadvisor.com/Restaurant_Review-g60763-d25253335-Reviews-Brooklyn_Chop_House_Times_Square-New_York_City_New_York.html
Club A Steakhouse,"240 E 58th St, New York City, NY 10022-2001",+1 212-688-4190,#6,$$$$AmericanSteakhouseGluten Free Options,"4,512 reviews",See all hours,4.5,http://www.clubasteakhouse.com/,https://www.tripadvisor.com/Restaurant_Review-g60763-d1236281-Reviews-Club_A_Steakhouse-New_York_City_New_York.html
Dos Caminos,"1567 Broadway Between 46th Street & 47th Street, New York City, NY 10036",+1 212-918-1330,#7,$$ - $$$MexicanLatinVegetarian Friendly,"1,459 reviews",,4.5,https://www.doscaminos.com/location/dos-caminos-times-square/,https://www.tripadvisor.com/Restaurant_Review-g60763-d8567192-Reviews-Dos_Caminos-New_York_City_New_York.html
La Grande Boucherie,"145 W 53rd St, New York City, NY 10019-6005",+1 212-510-7714,#8,$$$$FrenchSteakhouse,"1,859 reviews",See all hours,5.0,http://boucherieus.com/,https://www.tripadvisor.com/Restaurant_Review-g60763-d21410713-Reviews-La_Grande_Boucherie-New_York_City_New_York.html
Numero 28 Pizzeria,"28 Carmine St, New York City, NY 10014-4437",+1 212-463-9653,#9,$$ - $$$ItalianPizzaVegetarian Friendly,"1,604 reviews",,4.5,http://www.numero28.com/,https://www.tripadvisor.com/Restaurant_Review-g60763-d1072874-Reviews-Numero_28_Pizzeria-New_York_City_New_York.html
Boucherie West Village,"99 7th Ave S, New York City, NY 10014-3415",+1 212-837-1616,#10,$$ - $$$FrenchSteakhouseVegetarian Friendly,"1,670 reviews",See all hours,4.5,http://boucherieus.com/,https://www.tripadvisor.com/Restaurant_Review-g60763-d11918545-Reviews-Boucherie_West_Village-New_York_City_New_York.html
Ben & Jack's Steakhouse,"219 E 44th St, New York City, NY 10017-4305",+1 212-682-5678,"#1,079",$$$$AmericanSteakhouseBar,97 reviews,See all hours,4.5,https://www.benandjackssteakhouse.com/,https://www.tripadvisor.com/Restaurant_Review-g60763-d13194792-Reviews-Ben_Jack_s_Steakhouse-New_York_City_New_York.html
Sicily,"330 w 46th street Midtown, Hells Kitchen, Theater District, New York City, NY",+1 646-609-3417,#11,$$ - $$$ItalianPizzaEuropean,315 reviews,,4.5,http://sicilynyc.com/,https://www.tripadvisor.com/Restaurant_Review-g60763-d23988141-Reviews-Sicily-New_York_City_New_York.html
Bua Thai Ramen & Robata Grill,"1611 2nd Ave Between 83rd & 84th Street on Upper East Side, New York City, NY 10028",+1 212-879-7999,#12,$$ - $$$SushiAsianThai,738 reviews,See all hours,4.5,http://buathairamennyc.com/,https://www.tripadvisor.com/Restaurant_Review-g60763-d14981486-Reviews-Bua_Thai_Ramen_Robata_Grill-New_York_City_New_York.html
Recette,"103 Havemeyer St, Brooklyn, NY 11211-6962",+1 347-227-8829,#1,$$ - $$$FrenchEuropean,66 reviews,See all hours,5.0,http://www.recettebrooklyn.com/,https://www.tripadvisor.com/Restaurant_Review-g60827-d23817968-Reviews-Recette-Brooklyn_New_York.html
Piccola Cucina Osteria,"196 Spring St Soho, New York City, NY 10012-3621",+1 646-478-7488,#13,$$ - $$$ItalianSicilianVegetarian Friendly,"2,909 reviews",See all hours,4.5,http://www.piccolacucinagroup.com/piccola-cucina-tavern-new-york/,https://www.tripadvisor.com/Restaurant_Review-g60763-d4363835-Reviews-Piccola_Cucina_Osteria-New_York_City_New_York.html
The Standard Grill,"Corner of Washington and West 13th Street, New York City, NY 10014",+1 212-645-4100,#14,$$ - $$$AmericanBarVegetarian Friendly,"2,006 reviews",See all hours,4.0,http://thestandardgrill.com/,https://www.tripadvisor.com/Restaurant_Review-g60763-d1553124-Reviews-The_Standard_Grill-New_York_City_New_York.html
Benjamin Steakhouse,"52 E 41st St Between Park and Madison Avenue, New York City, NY 10017-6211",+1 212-297-9177,#264,$$$$AmericanSeafoodSoups,"2,513 reviews",See all hours,4.5,http://benjaminsteakhouse.com/nyc/?utm_source=TripAdvisor&utm_medium=TA41&utm_campaign=Web,https://www.tripadvisor.com/Restaurant_Review-g60763-d655719-Reviews-Benjamin_Steakhouse-New_York_City_New_York.html
Bill's Bar & Burger,"85 West St, New York City, NY 10006",+1 212-894-3800,#15,$$ - $$$AmericanBarVegetarian Friendly,"1,507 reviews",,4.5,https://www.billsbarandburger.com/location/bills-bar-and-burger-downtown-nyc/,https://www.tripadvisor.com/Restaurant_Review-g60763-d4522078-Reviews-Bill_s_Bar_Burger-New_York_City_New_York.html
SottoCasa Pizzeria,"227 Lenox Ave, New York City, NY 10027-6542",+1 646-928-4870,#16,$$ - $$$PizzaNeapolitanVegetarian Friendly,438 reviews,See all hours,5.0,http://sottocasanyc.com/,https://www.tripadvisor.com/Restaurant_Review-g60763-d10165896-Reviews-SottoCasa_Pizzeria-New_York_City_New_York.html
Spice Symphony,"150 E 50th St Between Lexington & 3rd Avenue, New York City, NY 10022-9500",+1 212-300-4869,#17,$$ - $$$IndianHealthyVegetarian Friendly,"2,869 reviews",See all hours,4.5,http://www.spicesymphony.com/,https://www.tripadvisor.com/Restaurant_Review-g60763-d3603515-Reviews-Spice_Symphony-New_York_City_New_York.html
The Consulate UWS,"519 Columbus Ave, New York City, NY 10024-3402",+1 646-781-9288,#18,$$ - $$$FrenchAmericanBar,297 reviews,See all hours,5.0,http://www.theconsulate.nyc/,https://www.tripadvisor.com/Restaurant_Review-g60763-d19245342-Reviews-The_Consulate_UWS-New_York_City_New_York.html
Los Tacos No. 1,"229 W 43rd St, New York City, NY 10036-3982",+1 212-574-4696,#19,$Quick BitesMexicanLatin,780 reviews,See all hours,4.5,http://lostacos1.com/,https://www.tripadvisor.com/Restaurant_Review-g60763-d12874338-Reviews-Los_Tacos_No_1-New_York_City_New_York.html
Jōji Box,"1 Vanderbilt Ave, New York City, NY 10017",+1 917-993-5056,,$$ - $$$JapaneseSushiAsian,0 reviews,See all hours,-1.0,https://www.facebook.com/jojiboxnyc/?locale=pa_IN,https://www.tripadvisor.com/Restaurant_Review-g60763-d26367903-Reviews-Joji_Box-New_York_City_New_York.html
Bruno's Restaurant,"15822 Crossbay Blvd, Howard Beach, NY 11414-3136",+1 718-322-7866,#1,$$ - $$$ItalianVegetarian FriendlyVegan Options,342 reviews,,5.0,http://www.bruno-ristorante.com/,https://www.tripadvisor.com/Restaurant_Review-g47927-d3443575-Reviews-Bruno_s_Restaurant-Howard_Beach_Queens_New_York.html
Bleecker Street Pizza,"69 7th Ave S at Bleecker Street Pizza, New York City, NY 10014-4043",+1 212-924-4466,#20,$ItalianPizzaFast Food,"1,812 reviews",See all hours,4.5,http://bleeckerstreetpizza.com/,https://www.tripadvisor.com/Restaurant_Review-g60763-d479337-Reviews-Bleecker_Street_Pizza-New_York_City_New_York.html
Mei Jin Ramen,"1574 2nd Ave, New York City, NY 10028-2617",+1 212-327-2800,#21,$$ - $$$JapaneseAsianSoups,181 reviews,See all hours,4.5,http://www.meijinramen.com/,https://www.tripadvisor.com/Restaurant_Review-g60763-d7284388-Reviews-Mei_Jin_Ramen-New_York_City_New_York.html
DeStefano's Steak House,"89 Conselyea St, Brooklyn, NY 11211-2301",+1 718-384-2836,#2,$$$$AmericanSteakhouseGluten Free Options,292 reviews,,4.5,http://deesteakhouse.com/,https://www.tripadvisor.com/Restaurant_Review-g60827-d1370161-Reviews-DeStefano_s_Steak_House-Brooklyn_New_York.html
Bagels & Schmear,"116 E 28th St, New York City, NY 10016-8402",+1 212-725-7873,#22,$AmericanCafeVegetarian Friendly,274 reviews,05:30 AM - 6:00 PM,4.5,http://www.bagelsandschmear.com/,https://www.tripadvisor.com/Restaurant_Review-g60763-d3191154-Reviews-Bagels_Schmear-New_York_City_New_York.html
Tasca,"505 Columbus Ave Near 85th Street, New York City, NY 10024-4467",+1 212-362-2211,"#3,819",$$ - $$$CaribbeanLatinSpanish,5 reviews,See all hours,4.5,http://www.tasca-nyc.com/,https://www.tripadvisor.com/Restaurant_Review-g60763-d23790493-Reviews-Tasca-New_York_City_New_York.html
Blue Fin,"1567 Broadway, New York City, NY 10036",+1 212-918-1400,#23,$$ - $$$SeafoodSushiVegetarian Friendly,"2,270 reviews",,4.0,https://www.bluefinnyc.com/,https://www.tripadvisor.com/Restaurant_Review-g60763-d481819-Reviews-Blue_Fin-New_York_City_New_York.html
Jungsik,"2 Harrison St, New York City, NY 10013-2810",+1 212-219-0900,#24,$$$$AsianKoreanGluten Free Options,296 reviews,,4.5,http://www.jungsik.kr/,https://www.tripadvisor.com/Restaurant_Review-g60763-d2345886-Reviews-Jungsik-New_York_City_New_York.html
Hobby's Delicatessen & Restaurant,"32 Branford Pl, Newark, NJ 07102-2723",+1 973-623-0410,#1,$$ - $$$AmericanDeliVegetarian Friendly,239 reviews,,4.5,http://www.hobbysdeli.com/,https://www.tripadvisor.com/Restaurant_Review-g46671-d2071446-Reviews-Hobby_s_Delicatessen_Restaurant-Newark_New_Jersey.html
Loi Estiatorio,"132 W 58th St, New York City, NY 10019-2135",+1 212-713-0015,#25,$$ - $$$SeafoodMediterraneanEuropean,651 reviews,See all hours,4.5,http://www.loiestiatorio.com/,https://www.tripadvisor.com/Restaurant_Review-g60763-d7814915-Reviews-Loi_Estiatorio-New_York_City_New_York.html
Katherine Meets Toni,"41 W 35 St, New York City, NY 10001-2220",+1 646-864-0111,#26,$$ - $$$Italian,198 reviews,,4.5,http://www.katherinenyc.com/,https://www.tripadvisor.com/Restaurant_Review-g60763-d25096804-Reviews-Katherine_Meets_Toni-New_York_City_New_York.html
Benjamin Steakhouse Prime,"23 E 40th St Between Park and Madison Avenue, New York City, NY 10016-0106",+1 212-338-0818,#147,$$$$AmericanSteakhouseSeafood,324 reviews,See all hours,4.5,http://benjaminsteakhouse.com/prime/?utm_source=tripadvisor&utm_medium=taprime&utm_campaign=Prime_Web,https://www.tripadvisor.com/Restaurant_Review-g60763-d11798975-Reviews-Benjamin_Steakhouse_Prime-New_York_City_New_York.html
Sottocasa Pizzeria,"298 Atlantic Ave., Brooklyn, NY 11201",+1 718-852-8758,#3,$$ - $$$ItalianPizzaNeapolitan,368 reviews,See all hours,4.5,http://www.sottocasanyc.com/,https://www.tripadvisor.com/Restaurant_Review-g60827-d3437996-Reviews-Sottocasa_Pizzeria-Brooklyn_New_York.html
Pure Thai Cookhouse,"766 9th Avenue W51-52 St, New York City, NY 10019-6323",+1 212-581-0999,#27,$$ - $$$AsianThaiVegetarian Friendly,"1,539 reviews",See all hours,4.5,https://www.facebook.com/PUREThaiNY/,https://www.tripadvisor.com/Restaurant_Review-g60763-d2099173-Reviews-Pure_Thai_Cookhouse-New_York_City_New_York.html
Oregano,"102 Berry St, Brooklyn, NY 11249-3231",+1 718-599-5988,#4,$$ - $$$ItalianPizzaVegetarian Friendly,310 reviews,See all hours,4.5,http://www.oreganowilliamsburg.com/,https://www.tripadvisor.com/Restaurant_Review-g60827-d3639527-Reviews-Oregano-Brooklyn_New_York.html
Spice Symphony,"182 Lexington Ave Between 31st and 32nd street, New York City, NY 10016-6849",+1 212-545-7742,#28,$$ - $$$IndianAsianVegetarian Friendly,224 reviews,,4.5,http://www.spicesymphony.com/31st-street/,https://www.tripadvisor.com/Restaurant_Review-g60763-d12383830-Reviews-Spice_Symphony-New_York_City_New_York.html
Scalini Fedeli,"165 Duane St., New York City, NY 10013-3332",+1 212-528-0400,#29,$$$$ItalianPizzaTuscan,453 reviews,,4.5,http://www.scalinifedeli.com/new-york,https://www.tripadvisor.com/Restaurant_Review-g60763-d424246-Reviews-Scalini_Fedeli-New_York_City_New_York.html
Miss Mamie's Spoonbread Too,"366 W 110th St, New York City, NY 10025-2633",+1 212-865-6744,"#2,659",$$ - $$$AmericanCaribbeanCajun & Creole,102 reviews,See all hours,4.0,https://spoonbreadinc.com/#,https://www.tripadvisor.com/Restaurant_Review-g60763-d426019-Reviews-Miss_Mamie_s_Spoonbread_Too-New_York_City_New_York.html
Kuu Ramen,"20 John St near Wall Street and Fulton St subway, New York City, NY 10038-4038",+1 212-571-7177,#30,$JapaneseAsianSoups,241 reviews,See all hours,4.5,http://meijinramen.wixsite.com/kuuramen,https://www.tripadvisor.com/Restaurant_Review-g60763-d7890999-Reviews-Kuu_Ramen-New_York_City_New_York.html
Trattoria L'incontro,"2176 31st St, Astoria, NY 11105-2602",+1 718-721-3532,#1,$$$$ItalianVegetarian FriendlyVegan Options,430 reviews,,4.5,http://trattorialincontro.com/,https://www.tripadvisor.com/Restaurant_Review-g29837-d457861-Reviews-Trattoria_L_incontro-Astoria_Queens_New_York.html
San Carlo Osteria Piemonte,"90 Thompson St Btw Spring St & Prince St, New York City, NY 10012-3744",+1 212-625-1212,#31,$$ - $$$ItalianMediterraneanVegetarian Friendly,768 reviews,See all hours,4.5,http://www.sancarlonyc.com/,https://www.tripadvisor.com/Restaurant_Review-g60763-d10032108-Reviews-San_Carlo_Osteria_Piemonte-New_York_City_New_York.html
IL Punto Ristorante,"507 9th Ave Corner of W 38th Street, New York City, NY 10018-2802",+1 212-244-0088,#32,$$ - $$$ItalianVegetarian FriendlyVegan Options,"1,608 reviews",See all hours,4.5,http://ilpuntorestaurant.com/,https://www.tripadvisor.com/Restaurant_Review-g60763-d1903700-Reviews-IL_Punto_Ristorante-New_York_City_New_York.html
Buenos Aires,"513 E 6th St Ground Floor, New York City, NY 10009-6621",+1 212-228-2775,#33,$$ - $$$SteakhouseLatinArgentinean,492 reviews,See all hours,4.5,http://www.buenosairesnyc.com/,https://www.tripadvisor.com/Restaurant_Review-g60763-d901589-Reviews-Buenos_Aires-New_York_City_New_York.html
Da Andrea,"35 W 13th St, New York City, NY 10011-7924",+1 212-367-1979,#249,$$ - $$$ItalianVegetarian FriendlyVegan Options,377 reviews,See all hours,4.5,https://www.facebook.com/daandreanyc/,https://www.tripadvisor.com/Restaurant_Review-g60763-d457849-Reviews-Da_Andrea-New_York_City_New_York.html
Izakaya MEW,"53 W 35th St Basement, New York City, NY 10001-2219",+1 646-368-9459,#34,$$ - $$$JapaneseSushiAsian,"1,114 reviews",See all hours,4.5,http://mewnyc.com/,https://www.tripadvisor.com/Restaurant_Review-g60763-d4721694-Reviews-Izakaya_MEW-New_York_City_New_York.html
Johny's Luncheonette,"124 W 25th St Frnt 1, New York City, NY 10001-7421",+1 212-243-6230,#35,$AmericanDinerVegetarian Friendly,454 reviews,,4.5,http://www.johnysluncheonette.com/,https://www.tripadvisor.com/Restaurant_Review-g60763-d2460876-Reviews-Johny_s_Luncheonette-New_York_City_New_York.html
Bill's Bar & Burger,"16 West 51st St Rockefeller Center, New York City, NY 10019",+1 212-705-8510,#36,$$ - $$$AmericanBarVegetarian Friendly,"4,026 reviews",,4.0,https://www.billsbarandburger.com/location/bills-bar-and-burger-rockefeller-center/,https://www.tripadvisor.com/Restaurant_Review-g60763-d1950899-Reviews-Bill_s_Bar_Burger-New_York_City_New_York.html
Michael's of Brooklyn,"2929 Avenue R, Brooklyn, NY 11229-2604",+1 718-998-7851,#5,$$$$ItalianVegetarian FriendlyVegan Options,218 reviews,,4.5,http://michaelsofbrooklyn.com/,https://www.tripadvisor.com/Restaurant_Review-g60827-d459576-Reviews-Michael_s_of_Brooklyn-Brooklyn_New_York.html
NY Pizza Suprema,"413 8th Ave, New York City, NY 10001-1804",+1 212-594-8939,#37,$ItalianPizzaFast Food,"1,365 reviews",See all hours,4.5,http://www.nypizzasuprema.com/,https://www.tripadvisor.com/Restaurant_Review-g60763-d2409563-Reviews-NY_Pizza_Suprema-New_York_City_New_York.html
The Elgin,"64 West 48th Street between 5th & 6th Avenues, New York City, NY 10036",+1 212-221-2100,#8,$$ - $$$AmericanBarPub,69 reviews,See all hours,4.5,https://www.elginnyc.com/menus/,https://www.tripadvisor.com/Restaurant_Review-g60763-d18542557-Reviews-The_Elgin-New_York_City_New_York.html
Royal 35 Steakhouse,"1 E 35th Street, New York City, NY 10016-3828",+1 212-804-7276,#38,$$$$AmericanSteakhouseGluten Free Options,617 reviews,See all hours,4.5,http://www.royal35steakhouse.com/,https://www.tripadvisor.com/Restaurant_Review-g60763-d12015308-Reviews-Royal_35_Steakhouse-New_York_City_New_York.html
B Side Pizzeria,"370 W 51st St, New York City, NY 10019-6403",+1 646-679-7225,#39,$$ - $$$ItalianPizzaVegetarian Friendly,540 reviews,,4.5,http://bsidepizzabar-nyc.com/,https://www.tripadvisor.com/Restaurant_Review-g60763-d7078660-Reviews-B_Side_Pizzeria-New_York_City_New_York.html
Thai Villa,"5 E 19th St, New York City, NY 10003-1107",+1 212-802-9999,#40,$$ - $$$ThaiVegetarian FriendlyVegan Options,221 reviews,07:00 AM - 10:00 PM,4.5,http://www.thaivillanyc.com/,https://www.tripadvisor.com/Restaurant_Review-g60763-d11356100-Reviews-Thai_Villa-New_York_City_New_York.html
Patsy's Italian Restaurant,"236 W 56th St, New York City, NY 10019-4306",+1 212-247-3491,#41,$$ - $$$ItalianNeapolitanVegetarian Friendly,"5,310 reviews",See all hours,4.5,http://www.patsys.com/,https://www.tripadvisor.com/Restaurant_Review-g60763-d478026-Reviews-Patsy_s_Italian_Restaurant-New_York_City_New_York.html
Song E Napule Pizzeria & Trattoria,"146 W Houston St, New York City, NY 10012-2561",+1 212-533-1242,#42,$$ - $$$ItalianPizzaVegetarian Friendly,425 reviews,See all hours,4.5,http://www.songenapulenyc.us/?utm_source=TripAdvisor&utm_medium=TripAdvWebsite&utm_campaign=TA&utm_term=TA,https://www.tripadvisor.com/Restaurant_Review-g60763-d8319600-Reviews-Song_E_Napule_Pizzeria_Trattoria-New_York_City_New_York.html
The Ivory Peacock Bar,"38 W 26th Between 6th Avenue And Broadway, New York City, NY 10010",+1 646-930-8888,"#2,656",$$$$FrenchJapanese,9 reviews,See all hours,5.0,http://www.theivorypeacock.com/,https://www.tripadvisor.com/Restaurant_Review-g60763-d25458563-Reviews-The_Ivory_Peacock_Bar-New_York_City_New_York.html
Dinosaur Bar-B-Que,"700 W 125th St, New York City, NY 10027",+1 212-694-1777,#43,$$ - $$$AmericanBarBarbecue,"1,245 reviews",See all hours,4.5,http://dinosaurbarbque.com/locations/harlem,https://www.tripadvisor.com/Restaurant_Review-g60763-d620401-Reviews-Dinosaur_Bar_B_Que-New_York_City_New_York.html
Hummus Place,"305 Amsterdam Ave, New York City, NY 10023-1739",+1 212-799-3335,#44,$LebaneseMediterraneanMiddle Eastern,355 reviews,See all hours,4.5,http://www.hummusplace.com/,https://www.tripadvisor.com/Restaurant_Review-g60763-d2452488-Reviews-Hummus_Place-New_York_City_New_York.html
Norma - Gastronomia Siciliana,"438 3rd Ave At 30th St, New York City, NY 10016-6040",+1 212-889-0600,#45,$$ - $$$ItalianPizzaSicilian,296 reviews,See all hours,4.5,http://www.normarestaurant.com/,https://www.tripadvisor.com/Restaurant_Review-g60763-d11876357-Reviews-Norma_Gastronomia_Siciliana-New_York_City_New_York.html
Blue Ribbon Sushi,"119 Sullivan Street, New York City, NY 10012",+1 212-343-0404,#46,$$ - $$$JapaneseSushiAsian,"1,063 reviews",See all hours,4.5,https://www.blueribbonsushi119.com/,https://www.tripadvisor.com/Restaurant_Review-g60763-d457772-Reviews-Blue_Ribbon_Sushi-New_York_City_New_York.html
Cafe Mogador Williamsburg,"133 Wythe Ave, Brooklyn, NY 11249-2809",+1 718-486-9222,#6,$$ - $$$MoroccanMediterraneanMiddle Eastern,482 reviews,See all hours,4.5,http://www.cafemogador.com/,https://www.tripadvisor.com/Restaurant_Review-g60827-d4617929-Reviews-Cafe_Mogador_Williamsburg-Brooklyn_New_York.html
Craft,"43 E 19th St, New York City, NY 10003-1304",+1 212-780-0880,#47,$$$$AmericanVegetarian FriendlyVegan Options,"1,038 reviews",See all hours,4.5,http://www.craftrestaurant.com/,https://www.tripadvisor.com/Restaurant_Review-g60763-d1750605-Reviews-Craft-New_York_City_New_York.html
Lee's Tavern,"60 Hancock St, Staten Island, NY 10305-1243",+1 718-667-9749,#2,$ItalianBarPizza,402 reviews,See all hours,4.5,http://www.leestavernnyc.com/,https://www.tripadvisor.com/Restaurant_Review-g48682-d1035796-Reviews-Lee_s_Tavern-Staten_Island_New_York.html
Daniel,"60 East 65th Street, New York City, NY 10065-7056",212 288 0033,#48,$$$$FrenchVegetarian FriendlyVegan Options,"3,404 reviews",See all hours,4.5,http://www.danielnyc.com/,https://www.tripadvisor.com/Restaurant_Review-g60763-d457808-Reviews-Daniel-New_York_City_New_York.html
Cull & Pistol,"75 9th Ave Chelsea Market, New York City, NY 10011-7006",+1 646-568-1223,#49,$$ - $$$AmericanSeafoodHealthy,"1,009 reviews",See all hours,4.5,http://www.lobsterplace.com/,https://www.tripadvisor.com/Restaurant_Review-g60763-d4225718-Reviews-Cull_Pistol-New_York_City_New_York.html
Black Iron Burger,"245 W 38th St, New York City, NY 10018-4509",+1 646-476-3116,#50,$$ - $$$AmericanBarVegetarian Friendly,"1,088 reviews",See all hours,4.5,http://www.blackironburger.com/,https://www.tripadvisor.com/Restaurant_Review-g60763-d8153582-Reviews-Black_Iron_Burger-New_York_City_New_York.html
Goldie's Tavern,"135 W 30th St, New York City, NY 10001-4012",+1 212-465-3437,#111,AmericanBarPubHealthy,10 reviews,See all hours,4.0,http://www.goldiestavern.com/,https://www.tripadvisor.com/Restaurant_Review-g60763-d24064034-Reviews-Goldie_s_Tavern-New_York_City_New_York.html
The Elgin,"64 West 48th Street between 5th & 6th Avenues, New York City, NY 10036",+1 212-221-2100,#8,$$ - $$$AmericanBarPub,69 reviews,See all hours,4.5,https://www.elginnyc.com/menus/,https://www.tripadvisor.com/Restaurant_Review-g60763-d18542557-Reviews-The_Elgin-New_York_City_New_York.html
IL Melograno,"501 W 51st St, New York City, NY 10019-5341",+1 212-757-9290,#51,$$ - $$$ItalianSicilianVegetarian Friendly,341 reviews,,4.5,http://www.ilmelogranonyc.com/?utm_source=TripAdvisor&utm_medium=TripAdvWebsite&utm_campaign=TA&utm_term=TA,https://www.tripadvisor.com/Restaurant_Review-g60763-d953662-Reviews-IL_Melograno-New_York_City_New_York.html
The Modern,"9 W 53rd St Museum of Modern Art, New York City, NY 10019-5401",+1 212-333-1220,#52,$$$$AmericanContemporaryVegetarian Friendly,"2,151 reviews",See all hours,4.5,http://www.themodernnyc.com/,https://www.tripadvisor.com/Restaurant_Review-g60763-d549201-Reviews-The_Modern-New_York_City_New_York.html
Amelie,"22 W 8th St Upper West Side, New York City, NY 10011-9002",+1 212-533-2962,#53,$$ - $$$FrenchEuropeanWine Bar,462 reviews,,4.5,http://www.ameliewinebar.com/home/,https://www.tripadvisor.com/Restaurant_Review-g60763-d2704704-Reviews-Amelie-New_York_City_New_York.html
Bemelmans Bar,"35 E 76th St, New York City, NY 10021-1827",+1 212-744-1600,#54,$$$$AmericanBar,513 reviews,See all hours,4.5,http://www.rosewoodhotels.com/en/the-carlyle-new-york/dining/bemelmans-bar,https://www.tripadvisor.com/Restaurant_Review-g60763-d1143073-Reviews-Bemelmans_Bar-New_York_City_New_York.html
Nerai,"55 E 54th St Between Madison Avenue & Park Avenue, New York City, NY 10022-4206",+1 212-759-5554,#55,$$$$SeafoodMediterraneanGreek,693 reviews,See all hours,4.5,http://nerainyc.com/,https://www.tripadvisor.com/Restaurant_Review-g60763-d4101797-Reviews-Nerai-New_York_City_New_York.html
Anto,"243 E 58th St, New York City, NY 10022-1201",+1 212-970-8888,#989,$$$$SteakhouseAsianKorean,28 reviews,,5.0,http://www.anto.com/,https://www.tripadvisor.com/Restaurant_Review-g60763-d25243108-Reviews-Anto-New_York_City_New_York.html
Spanish Tavern,"103 McWhorter St, Newark, NJ 07105-1359",+1 973-589-4959,#2,$$ - $$$SeafoodMediterraneanSpanish,577 reviews,See all hours,4.5,http://www.spanishtavernnewark.com/,https://www.tripadvisor.com/Restaurant_Review-g46671-d775650-Reviews-Spanish_Tavern-Newark_New_Jersey.html
Momosan Ramen & Sake,"342 Lexington Ave, New York City, NY 10016",+1 646-201-5529,#56,$$ - $$$JapaneseSushiAsian,619 reviews,See all hours,4.5,http://momosanramen.com/,https://www.tripadvisor.com/Restaurant_Review-g60763-d10171185-Reviews-Momosan_Ramen_Sake-New_York_City_New_York.html
Obao Noodles & Bbq,"222 E 53rd Street between 3rd Avenue and 2nd Avenue, New York City, NY 10022-5205",+1 212-308-5588,#57,$$ - $$$VietnameseVegetarian FriendlyVegan Options,417 reviews,See all hours,4.5,http://www.obaony.com/,https://www.tripadvisor.com/Restaurant_Review-g60763-d3263717-Reviews-Obao_Noodles_Bbq-New_York_City_New_York.html
Per Se,"10 Columbus Cir, New York City, NY 10019-1158",+1 212-823-9335,#58,$$$$FrenchVegetarian FriendlyVegan Options,"1,875 reviews",See all hours,4.5,http://www.perseny.com/,https://www.tripadvisor.com/Restaurant_Review-g60763-d425628-Reviews-Per_Se-New_York_City_New_York.html
The Capital Grille,"155 E 42nd St, New York City, NY 10017",+1 212-953-2000,#59,$$$$AmericanSteakhouseVegetarian Friendly,960 reviews,See all hours,4.5,https://www.thecapitalgrille.com/locations/ny/new-york/nyc-chrysler-center/8021,https://www.tripadvisor.com/Restaurant_Review-g60763-d1018334-Reviews-The_Capital_Grille-New_York_City_New_York.html
Sistina,"24 E 81st St Between 80th & 81st Sts, New York City, NY 10028-0226",+1 212-861-7660,"#2,115",$$$$ItalianMediterraneanContemporary,176 reviews,See all hours,4.0,https://www.sistinany.com/,https://www.tripadvisor.com/Restaurant_Review-g60763-d23811025-Reviews-Sistina-New_York_City_New_York.html
Juliana's,"19 Old Fulton St, Brooklyn, NY 11201-1322",+1 718-596-6700,#7,$$ - $$$Pizza,"3,247 reviews",See all hours,4.5,http://julianaspizza.com/,https://www.tripadvisor.com/Restaurant_Review-g60827-d3741802-Reviews-Juliana_s-Brooklyn_New_York.html
Denino’s Pizzeria & Tavern,"524 Port Richmond Ave, Staten Island, NY 10302",+1 718-442-9401,#3,$$ - $$$ItalianPizzaVegetarian Friendly,818 reviews,See all hours,4.5,http://www.deninossi.com/,https://www.tripadvisor.com/Restaurant_Review-g48682-d444317-Reviews-Denino_s_Pizzeria_Tavern-Staten_Island_New_York.html
Ocean Prime,"123 W 52nd St, New York City, NY 10019",+1 212-956-1404,#60,$$$$AmericanSteakhouseSeafood,739 reviews,See all hours,4.5,https://www.ocean-prime.com/locations/new-york-city,https://www.tripadvisor.com/Restaurant_Review-g60763-d8534818-Reviews-Ocean_Prime-New_York_City_New_York.html
Keens Steakhouse,"72 West 36th Street, New York City, NY 10018-8025",+1 212-947-3636,#61,$$$$AmericanSteakhouseGluten Free Options,"6,867 reviews",,4.5,http://keens.com/,https://www.tripadvisor.com/Restaurant_Review-g60763-d425330-Reviews-Keens_Steakhouse-New_York_City_New_York.html
Gabriel Kreuther,"41 W 42nd St Grace Building, New York City, NY 10036-8003",+1 212-257-5826,#62,$$$$FrenchContemporaryVegetarian Friendly,777 reviews,See all hours,4.5,http://www.gknyc.com/reservations/,https://www.tripadvisor.com/Restaurant_Review-g60763-d8483826-Reviews-Gabriel_Kreuther-New_York_City_New_York.html
Knickerbocker Bar & Grill,"33 University Pl Corner Of 9th Street, New York City, NY 10003",+1 212-228-8490,#345,$$ - $$$AmericanSteakhouseBar,470 reviews,See all hours,4.0,http://www.knickerbockerbarandgrill.com/,https://www.tripadvisor.com/Restaurant_Review-g60763-d478632-Reviews-Knickerbocker_Bar_Grill-New_York_City_New_York.html
Via Della Pace,"87 E 4th St, New York City, NY 10003-8979",+1 212-253-5803,#63,$$ - $$$ItalianVegetarian FriendlyVegan Options,993 reviews,,4.5,http://www.viadellapacenyc.com/,https://www.tripadvisor.com/Restaurant_Review-g60763-d495865-Reviews-Via_Della_Pace-New_York_City_New_York.html
Her Name Is Han,"17 E 31st St, New York City, NY 10016-6718",+1 212-779-9990,#64,$$ - $$$AsianKoreanVegetarian Friendly,308 reviews,,4.5,http://www.hernameishan.com/,https://www.tripadvisor.com/Restaurant_Review-g60763-d9751045-Reviews-Her_Name_Is_Han-New_York_City_New_York.html
Ora Di Pasta,"1 W 59 Th Street, New York City, NY 10019",+1 646-755-3013,#65,$$ - $$$ItalianVegetarian FriendlyVegan Options,238 reviews,See all hours,4.5,http://www.oradipasta.com/,https://www.tripadvisor.com/Restaurant_Review-g60763-d8144717-Reviews-Ora_Di_Pasta-New_York_City_New_York.html
Gallaghers Steakhouse,"228 W 52nd St, New York City, NY 10019-5802",+1 212-586-5000,#66,$$$$AmericanSteakhouseGluten Free Options,"5,855 reviews",See all hours,4.5,http://www.gallaghersnysteakhouse.com/,https://www.tripadvisor.com/Restaurant_Review-g60763-d478965-Reviews-Gallaghers_Steakhouse-New_York_City_New_York.html
El Centro,"824 9th Ave 54th & 9th Avenue, New York City, NY 10019-5554",+1 646-763-6585,#67,$$ - $$$MexicanLatinCentral American,875 reviews,,4.5,http://elcentro-nyc.com/,https://www.tripadvisor.com/Restaurant_Review-g60763-d1008089-Reviews-El_Centro-New_York_City_New_York.html
Burger & Lobster,"39 W 19th St between Fifth & 6th Avenues, New York City, NY 10011-4225",+1 646-833-7532,#115,$$ - $$$AmericanSeafood,"1,104 reviews",See all hours,4.5,http://www.burgerandlobster.com/locations/new-york/flatiron/,https://www.tripadvisor.com/Restaurant_Review-g60763-d7345837-Reviews-Burger_Lobster-New_York_City_New_York.html
Russ & Daughters Cafe,"127 Orchard St, New York City, NY 10002-3103",+1 212-475-4881,#68,$$ - $$$AmericanCafeVegetarian Friendly,704 reviews,,4.5,http://www.russanddaughterscafe.com/,https://www.tripadvisor.com/Restaurant_Review-g60763-d7387632-Reviews-Russ_Daughters_Cafe-New_York_City_New_York.html
Eileen's Special Cheesecake,"17 Cleveland Pl Frnt A, New York City, NY 10012-4052",+1 212-966-5585,#69,$BakeriesAmerican,"2,125 reviews",11:00 AM - 7:00 PM,4.5,http://www.eileenscheesecake.com/,https://www.tripadvisor.com/Restaurant_Review-g60763-d808386-Reviews-Eileen_s_Special_Cheesecake-New_York_City_New_York.html
Cibo e Vino,"2418 Broadway, New York City, NY 10024-1710",+1 212-362-0096,#70,$$ - $$$ItalianMediterraneanEuropean,230 reviews,See all hours,4.5,http://www.ciboevinony.com/,https://www.tripadvisor.com/Restaurant_Review-g60763-d5825911-Reviews-Cibo_e_Vino-New_York_City_New_York.html
Little Owl,"90 Bedford St, New York City, NY 10014-3764",+1 212-741-4695,#71,$$ - $$$AmericanVegetarian FriendlyVegan Options,"1,268 reviews",See all hours,4.5,http://thelittleowlnyc.com/,https://www.tripadvisor.com/Restaurant_Review-g60763-d776994-Reviews-Little_Owl-New_York_City_New_York.html
John's Coffee Shop,"823 2nd Ave, New York City, NY 10017-4501",+1 212-867-4955,#72,$AmericanCafeDiner,282 reviews,12:00 AM - 7:00 PM,4.5,https://www.instagram.com/johnscoffeeshop/,https://www.tripadvisor.com/Restaurant_Review-g60763-d5059946-Reviews-John_s_Coffee_Shop-New_York_City_New_York.html
Da Andrea,"35 W 13th St, New York City, NY 10011-7924",+1 212-367-1979,#249,$$ - $$$ItalianVegetarian FriendlyVegan Options,377 reviews,See all hours,4.5,https://www.facebook.com/daandreanyc/,https://www.tripadvisor.com/Restaurant_Review-g60763-d457849-Reviews-Da_Andrea-New_York_City_New_York.html
L'Artusi,"228 W 10th St, New York City, NY 10014-6405",+1 212-255-5757,#73,$$$$ItalianEuropeanVegetarian Friendly,543 reviews,See all hours,4.5,http://lartusi.com/,https://www.tripadvisor.com/Restaurant_Review-g60763-d1368175-Reviews-L_Artusi-New_York_City_New_York.html
Mermaid Oyster Bar,"89 Macdougal St, New York City, NY 10012-2514",+1 212-260-0100,#74,$$ - $$$AmericanBarSeafood,286 reviews,See all hours,4.5,http://themermaidnyc.com/,https://www.tripadvisor.com/Restaurant_Review-g60763-d967636-Reviews-Mermaid_Oyster_Bar-New_York_City_New_York.html
City Vineyard at Pier 26,"233 West Street Pier 26, Hudson River Park, New York City, NY 10013",+1 646-677-8350,#75,$$ - $$$AmericanBarSeafood,433 reviews,See all hours,4.5,http://citywinery.com/city-vineyard-nyc,https://www.tripadvisor.com/Restaurant_Review-g60763-d10778920-Reviews-City_Vineyard_at_Pier_26-New_York_City_New_York.html
Dos Caminos,"675 Hudson St At 14th Street, New York City, NY 10014",+1 212-699-2400,#76,$$ - $$$MexicanLatinBar,853 reviews,,4.0,https://www.doscaminos.com/location/dos-caminos-meatpacking/,https://www.tripadvisor.com/Restaurant_Review-g60763-d2006608-Reviews-Dos_Caminos-New_York_City_New_York.html
Bareburger - Hell's Kitchen,"366 W 46th St, New York City, NY 10036-8307",+1 212-673-2273,#77,$$ - $$$AmericanBarHealthy,"1,548 reviews",,4.5,http://order.bareburger.com/,https://www.tripadvisor.com/Restaurant_Review-g60763-d5039941-Reviews-Bareburger_Hell_s_Kitchen-New_York_City_New_York.html
IZAKAYA E.A.K. Hell's Kitchen,"360 W 46th St, New York City, NY 10036-8339",+1 646-850-8032,"#2,499",$$ - $$$JapaneseAsianVegetarian Friendly,22 reviews,See all hours,4.5,http://eakramen.com/,https://www.tripadvisor.com/Restaurant_Review-g60763-d17767689-Reviews-IZAKAYA_E_A_K_Hell_s_Kitchen-New_York_City_New_York.html
Royal 35 Steakhouse,"1 E 35th Street, New York City, NY 10016-3828",+1 212-804-7276,#38,$$$$AmericanSteakhouseGluten Free Options,617 reviews,See all hours,4.5,http://www.royal35steakhouse.com/,https://www.tripadvisor.com/Restaurant_Review-g60763-d12015308-Reviews-Royal_35_Steakhouse-New_York_City_New_York.html
Manhatta,"28 Liberty St 60th Floor, New York City, NY 10005-1400",+1 212-230-5788,#78,$$$$AmericanContemporaryVegetarian Friendly,383 reviews,See all hours,4.5,http://www.manhattarestaurant.com/,https://www.tripadvisor.com/Restaurant_Review-g60763-d14416742-Reviews-Manhatta-New_York_City_New_York.html
Hatsuhana Sushi Restaurant,"17 E 48th St Ste 1 between Madion and 5th avenue, New York City, NY 10017-1010",+1 212-355-3345,#79,$$ - $$$JapaneseSushiAsian,433 reviews,See all hours,4.5,http://www.hatsuhana.com/,https://www.tripadvisor.com/Restaurant_Review-g60763-d424501-Reviews-Hatsuhana_Sushi_Restaurant-New_York_City_New_York.html
Rafele,"29 7th Ave S, New York City, NY 10014-3938",+1 212-242-1999,#80,$$ - $$$ItalianNeapolitanVegetarian Friendly,"1,256 reviews",See all hours,4.5,http://www.rafele.com/dinner,https://www.tripadvisor.com/Restaurant_Review-g60763-d3314559-Reviews-Rafele-New_York_City_New_York.html
Pylos,"128 E 7th St, New York City, NY 10009-6100",+1 212-473-0220,#81,$$ - $$$MediterraneanGreekVegetarian Friendly,414 reviews,,4.5,http://www.pylosrestaurant.com/,https://www.tripadvisor.com/Restaurant_Review-g60763-d425831-Reviews-Pylos-New_York_City_New_York.html
Rubirosa,"235 Mulberry St, New York City, NY 10012-4157",+1 212-965-0500,#82,$$ - $$$ItalianPizzaVegetarian Friendly,"1,334 reviews",See all hours,4.5,http://www.rubirosanyc.com/,https://www.tripadvisor.com/Restaurant_Review-g60763-d2009679-Reviews-Rubirosa-New_York_City_New_York.html
Benjamin Steakhouse,"52 E 41st St Between Park and Madison Avenue, New York City, NY 10017-6211",+1 212-297-9177,#264,$$$$AmericanSeafoodSoups,"2,513 reviews",See all hours,4.5,http://benjaminsteakhouse.com/nyc/?utm_source=TripAdvisor&utm_medium=TA41&utm_campaign=Web,https://www.tripadvisor.com/Restaurant_Review-g60763-d655719-Reviews-Benjamin_Steakhouse-New_York_City_New_York.html
Megan’s Bar & Kitchen,"7 W 45th St, New York City, NY 10036-4905",+1 212-869-2225,#1,$$ - $$$IrishBarPub,255 reviews,See all hours,4.5,https://www.megansbarandkitchen.net/,https://www.tripadvisor.com/Restaurant_Review-g60763-d15184992-Reviews-Megan_s_Bar_Kitchen-New_York_City_New_York.html
Le Bernardin,"155 W 51st St, New York City, NY 10019-6019",+1 212-554-1515,#84,$$$$FrenchVegetarian FriendlyGluten Free Options,"3,599 reviews",See all hours,4.5,http://www.le-bernardin.com/,https://www.tripadvisor.com/Restaurant_Review-g60763-d424434-Reviews-Le_Bernardin-New_York_City_New_York.html
Hangawi,"12 E 32nd St, New York City, NY 10016-5419",+1 212-213-0077,#85,$$$$AsianKoreanHealthy,653 reviews,See all hours,4.5,http://www.hangawirestaurant.com/,https://www.tripadvisor.com/Restaurant_Review-g60763-d425341-Reviews-Hangawi-New_York_City_New_York.html
Up Thai,"1411 2nd Ave Frnt 1, New York City, NY 10021-3771",+1 212-256-1188,#86,$$ - $$$AsianThaiVegetarian Friendly,378 reviews,See all hours,4.5,http://www.upthainyc.com/front/home,https://www.tripadvisor.com/Restaurant_Review-g60763-d6000258-Reviews-Up_Thai-New_York_City_New_York.html
BG - Bergdorf Goodman,"754 5th Ave, New York City, NY 10019-2503",+1 212-872-8977,#87,$$$$AmericanVegetarian FriendlyVegan Options,540 reviews,See all hours,4.5,http://www.bergdorfgoodman.com/store/info/restaurant.jhtml?rest=100001&_requestid=11839,https://www.tripadvisor.com/Restaurant_Review-g60763-d1368208-Reviews-BG_Bergdorf_Goodman-New_York_City_New_York.html
Tangy Noodle,"98 8th Ave, New York City, NY 10011-5125",+1 917-261-4931,"#1,684",$$ - $$$ChineseAsianTaiwanese,27 reviews,See all hours,4.5,http://www.tangynoodle.com/,https://www.tripadvisor.com/Restaurant_Review-g60763-d25250037-Reviews-Tangy_Noodle-New_York_City_New_York.html
Russ & Daughters,"179 E Houston St There Are Three Russ & Daughters: The Store on Houston and the Cafe on Orchard Street, New York City, NY 10002-1024",+1 212-475-4880,#88,$$ - $$$AmericanDeliEastern European,"1,206 reviews",,4.5,http://www.russanddaughters.com/,https://www.tripadvisor.com/Restaurant_Review-g60763-d1224238-Reviews-Russ_Daughters-New_York_City_New_York.html
Parkside Restaurant,"10701 Corona Ave, Corona, NY 11368-3218",+1 718-271-9871,#1,$$ - $$$ItalianVegetarian FriendlyVegan Options,506 reviews,,4.5,http://parksiderestaurantny.com/,https://www.tripadvisor.com/Restaurant_Review-g47542-d475429-Reviews-Parkside_Restaurant-Corona_Queens_New_York.html
Andrews Coffee Shop,"463 7th Ave, New York City, NY 10018-7604",+1 212-695-1962,#89,$AmericanCafeDiner,"2,415 reviews",06:00 AM - 10:00 PM,4.5,http://www.andrewsny.com/,https://www.tripadvisor.com/Restaurant_Review-g60763-d1762735-Reviews-Andrews_Coffee_Shop-New_York_City_New_York.html
Tomino - Taberna Gallega,"192 Grand St, New York City, NY 10013-3712",+1 212-933-4763,#90,$$ - $$$MediterraneanSpanishWine Bar,250 reviews,See all hours,4.5,http://www.tominonyc.com/,https://www.tripadvisor.com/Restaurant_Review-g60763-d12990804-Reviews-Tomino_Taberna_Gallega-New_York_City_New_York.html
Raclette,"511 E 12th St, New York City, NY 10009-3879",+1 917-997-7306,#91,$$ - $$$FrenchSwissEuropean,432 reviews,See all hours,4.5,http://raclette.nyc/,https://www.tripadvisor.com/Restaurant_Review-g60763-d7761483-Reviews-Raclette-New_York_City_New_York.html
Burger & Lobster,"39 W 19th St between Fifth & 6th Avenues, New York City, NY 10011-4225",+1 646-833-7532,#115,$$ - $$$AmericanSeafood,"1,104 reviews",See all hours,4.5,http://www.burgerandlobster.com/locations/new-york/flatiron/,https://www.tripadvisor.com/Restaurant_Review-g60763-d7345837-Reviews-Burger_Lobster-New_York_City_New_York.html
Orso,"322 W 46th St, New York City, NY 10036-3801",+1 212-489-7212,#92,$$ - $$$ItalianVegetarian FriendlyVegan Options,495 reviews,,4.5,http://www.orsorestaurant.com/index.php,https://www.tripadvisor.com/Restaurant_Review-g60763-d424608-Reviews-Orso-New_York_City_New_York.html
Il Corso,"54 W 55th St, New York City, NY 10019-5309",+1 212-957-1500,#93,$$ - $$$ItalianVegetarian FriendlyVegan Options,"1,034 reviews",See all hours,4.5,http://www.ilcorsorestaurant.com/,https://www.tripadvisor.com/Restaurant_Review-g60763-d477312-Reviews-Il_Corso-New_York_City_New_York.html
The Capital Grille,"120 W 51st St Rockefeller Center, New York City, NY 10020",+1 212-246-0154,#94,$$$$AmericanSteakhouseVegetarian Friendly,"1,377 reviews",See all hours,4.5,https://www.thecapitalgrille.com/locations/ny/new-york/nyc-rockefeller-center/8038,https://www.tripadvisor.com/Restaurant_Review-g60763-d1526337-Reviews-The_Capital_Grille-New_York_City_New_York.html
VIV Thai Restaurant and Bar,"717 9th Ave Between 48th and 49th Street, New York City, NY 10019-7388",+1 212-581-5999,#95,$$ - $$$AsianThaiVegetarian Friendly,299 reviews,See all hours,4.5,http://www.vivthainyc.com/,https://www.tripadvisor.com/Restaurant_Review-g60763-d3498676-Reviews-VIV_Thai_Restaurant_and_Bar-New_York_City_New_York.html
Westway Diner,"614 9th Ave, New York City, NY 10036",+1 212-582-7661,#96,$AmericanVegetarian FriendlyVegan Options,"2,455 reviews",See all hours,4.5,https://www.westwaydiner.com/?y_source=1_MTc5MjE3NTEtNzY5LWxvY2F0aW9uLndlYnNpdGU%3D,https://www.tripadvisor.com/Restaurant_Review-g60763-d459367-Reviews-Westway_Diner-New_York_City_New_York.html
The Landmark Tavern,"626 11th Ave On the corner of 46st street & 11th Avenue, New York City, NY 10036-2002",+1 212-247-2562,#97,$$ - $$$IrishEuropeanCentral American,398 reviews,See all hours,4.5,http://www.thelandmarktavern.org/,https://www.tripadvisor.com/Restaurant_Review-g60763-d3579021-Reviews-The_Landmark_Tavern-New_York_City_New_York.html
Jimmy's Corner,"140 W 44th St, New York City, NY 10036-4046",+1 212-221-9510,#98,$Pub,539 reviews,,4.5,https://www.facebook.com/jimmyscornernyc,https://www.tripadvisor.com/Restaurant_Review-g60763-d1006793-Reviews-Jimmy_s_Corner-New_York_City_New_York.html
Blue Hill,"75 Washington Pl, New York City, NY 10011-9174",+1 212-539-1776,#99,$$$$AmericanContemporaryVegetarian Friendly,714 reviews,,4.5,http://www.bluehillfarm.com/food/blue-hill-new-york,https://www.tripadvisor.com/Restaurant_Review-g60763-d457823-Reviews-Blue_Hill-New_York_City_New_York.html
Kesté Pizza e Vino,"77 Fulton St, New York City, NY 10038-1864",+1 212-693-9030,#100,$$ - $$$ItalianPizzaNeapolitan,"1,202 reviews",,4.5,https://kestepizzeria.com/en/home/,https://www.tripadvisor.com/Restaurant_Review-g60763-d1450822-Reviews-Keste_Pizza_e_Vino-New_York_City_New_York.html
The Meatball Shop - Williamsburg,"170 Bedford Ave Between North 7th & North 8th Street, Brooklyn, NY 11249-2906",+1 718-551-0520,#8,$$ - $$$AmericanContemporaryVegetarian Friendly,359 reviews,See all hours,4.5,http://www.themeatballshop.com/,https://www.tripadvisor.com/Restaurant_Review-g60827-d3457332-Reviews-The_Meatball_Shop_Williamsburg-Brooklyn_New_York.html
Meduza Mediterrania New York,"657 Hudson Street Gansevoort Meatpacking NYC, New York City, NY 10014",+1 646-435-6544,"#4,639",$$$$Mediterranean,3 reviews,See all hours,5.0,http://www.meduza33.com/,https://www.tripadvisor.com/Restaurant_Review-g60763-d25777160-Reviews-Meduza_Mediterrania_New_York-New_York_City_New_York.html
Tanner Smith's,"204 W 55th St, New York City, NY 10019-5240",+1 646-590-2034,#101,$$ - $$$AmericanBarPub,473 reviews,See all hours,4.5,http://www.tannersmiths.com/,https://www.tripadvisor.com/Restaurant_Review-g60763-d8120444-Reviews-Tanner_Smith_s-New_York_City_New_York.html
Butcher Bar,"3710 30th Ave, Astoria, NY 11103-4331",+1 718-606-8140,#2,$$ - $$$AmericanBarBarbecue,330 reviews,See all hours,4.5,http://www.butcherbar.com/,https://www.tripadvisor.com/Restaurant_Review-g29837-d3172098-Reviews-Butcher_Bar-Astoria_Queens_New_York.html
Lobster Place,"75 9th Ave Chelsea Market, New York City, NY 10011-7006",+1 212-255-5672,#102,$$ - $$$SeafoodHealthyGluten Free Options,"2,317 reviews",See all hours,4.5,http://www.lobsterplace.com/,https://www.tripadvisor.com/Restaurant_Review-g60763-d2076999-Reviews-Lobster_Place-New_York_City_New_York.html
Gato,"324 Lafayette St, New York City, NY 10012-2726",+1 212-334-6400,#103,$$$$AmericanMediterraneanVegetarian Friendly,706 reviews,,4.5,http://gatonyc.com/,https://www.tripadvisor.com/Restaurant_Review-g60763-d6414820-Reviews-Gato-New_York_City_New_York.html
Ayza Wine & Chocolate Bar,"11 W 31st St Between 5th Avenue and Broadway, New York City, NY 10001-4402",+1 212-714-2992,#104,$$ - $$$AmericanBarPub,589 reviews,See all hours,4.5,http://ayzanyc.com/,https://www.tripadvisor.com/Restaurant_Review-g60763-d1182272-Reviews-Ayza_Wine_Chocolate_Bar-New_York_City_New_York.html
Quality Meats,"57 W 58th St Between 5th and 6th Ave, New York City, NY 10019-1630",+1 212-371-7777,#239,$$$$AmericanSteakhouseGluten Free Options,"2,438 reviews",See all hours,4.5,http://qualitymeatsnyc.com/,https://www.tripadvisor.com/Restaurant_Review-g60763-d797786-Reviews-Quality_Meats-New_York_City_New_York.html
La Grande Boucherie,"145 W 53rd St, New York City, NY 10019-6005",+1 212-510-7714,#8,$$$$FrenchSteakhouse,"1,859 reviews",See all hours,5.0,http://boucherieus.com/,https://www.tripadvisor.com/Restaurant_Review-g60763-d21410713-Reviews-La_Grande_Boucherie-New_York_City_New_York.html
Market Table,"54 Carmine St, New York City, NY 10014-4424",+1 212-255-2100,#105,$$ - $$$AmericanVegetarian FriendlyVegan Options,462 reviews,See all hours,4.5,http://markettablenyc.com/,https://www.tripadvisor.com/Restaurant_Review-g60763-d814277-Reviews-Market_Table-New_York_City_New_York.html
Aurora SoHo,"510 Broome St, New York City, NY 10013-1695",+1 212-334-9020,#106,$$ - $$$ItalianMediterraneanVegetarian Friendly,410 reviews,,4.5,http://www.aurorasoho.com/,https://www.tripadvisor.com/Restaurant_Review-g60763-d814362-Reviews-Aurora_SoHo-New_York_City_New_York.html
Dirt Candy,"86 Allen St, New York City, NY 10002-3014",+1 212-228-7732,#107,$$ - $$$AmericanVegetarian FriendlyVegan Options,373 reviews,See all hours,4.5,http://www.dirtcandynyc.com/,https://www.tripadvisor.com/Restaurant_Review-g60763-d1236468-Reviews-Dirt_Candy-New_York_City_New_York.html
5 Napkin Burger,"630 9th Ave, New York City, NY 10036",+1 212-757-2277,#108,$$ - $$$AmericanContemporaryVegetarian Friendly,"4,404 reviews",See all hours,4.5,http://www.5napkinburger.com/,https://www.tripadvisor.com/Restaurant_Review-g60763-d4737024-Reviews-5_Napkin_Burger-New_York_City_New_York.html
Tony's Di Napoli - Midtown,"147 W 43rd St, New York City, NY 10036-6575",+1 212-221-0100,#109,$$ - $$$ItalianNeapolitanVegetarian Friendly,"6,601 reviews",,4.5,http://www.tonysnyc.com/,https://www.tripadvisor.com/Restaurant_Review-g60763-d543689-Reviews-Tony_s_Di_Napoli_Midtown-New_York_City_New_York.html
Meduza Mediterrania New York,"657 Hudson Street Gansevoort Meatpacking NYC, New York City, NY 10014",+1 646-435-6544,"#4,639",$$$$Mediterranean,3 reviews,See all hours,5.0,http://www.meduza33.com/,https://www.tripadvisor.com/Restaurant_Review-g60763-d25777160-Reviews-Meduza_Mediterrania_New_York-New_York_City_New_York.html
La Lanterna di Vittorio,"129 Macdougal St, New York City, NY 10012-1076",+1 917-639-3236,#110,$$ - $$$ItalianPizzaVegetarian Friendly,382 reviews,See all hours,4.5,http://www.lalanterna.nyc/,https://www.tripadvisor.com/Restaurant_Review-g60763-d1501860-Reviews-La_Lanterna_di_Vittorio-New_York_City_New_York.html
Indian Accent,"123 W 56th St, New York City, NY 10019-3802",+1 212-842-8070,#111,$$$$IndianVegetarian FriendlyVegan Options,583 reviews,See all hours,4.5,http://indianaccent.com/newyork/,https://www.tripadvisor.com/Restaurant_Review-g60763-d10000786-Reviews-Indian_Accent-New_York_City_New_York.html
Ivan Ramen,"25 Clinton St, New York City, NY 10002-1793",+1 646-678-3859,#112,$$ - $$$JapaneseAsianSoups,489 reviews,See all hours,4.5,http://www.ivanramen.com/,https://www.tripadvisor.com/Restaurant_Review-g60763-d6692504-Reviews-Ivan_Ramen-New_York_City_New_York.html
The Grey Dog (Nolita),"244 Mulberry St, New York City, NY 10012-4105",+1 212-229-2345,#113,$$ - $$$AmericanVegetarian FriendlyVegan Options,576 reviews,See all hours,4.5,http://www.thegreydog.com/,https://www.tripadvisor.com/Restaurant_Review-g60763-d2429483-Reviews-The_Grey_Dog_Nolita-New_York_City_New_York.html
Times Square Diner,"807 8th Avenue, New York City, NY 10019-7418",+1 212-315-2400,#114,$AmericanDinerVegetarian Friendly,"2,462 reviews",07:00 AM - 11:00 PM,4.5,http://www.facebook.com/timessquaredinernyc/,https://www.tripadvisor.com/Restaurant_Review-g60763-d6892205-Reviews-Times_Square_Diner-New_York_City_New_York.html
Ben & Jack's Steakhouse,"219 E 44th St, New York City, NY 10017-4305",+1 212-682-5678,"#1,079",$$$$AmericanSteakhouseBar,97 reviews,See all hours,4.5,https://www.benandjackssteakhouse.com/,https://www.tripadvisor.com/Restaurant_Review-g60763-d13194792-Reviews-Ben_Jack_s_Steakhouse-New_York_City_New_York.html
Burger & Lobster,"39 W 19th St between Fifth & 6th Avenues, New York City, NY 10011-4225",+1 646-833-7532,#115,$$ - $$$AmericanSeafood,"1,104 reviews",See all hours,4.5,http://www.burgerandlobster.com/locations/new-york/flatiron/,https://www.tripadvisor.com/Restaurant_Review-g60763-d7345837-Reviews-Burger_Lobster-New_York_City_New_York.html
Tommy Bahama Restaurant & Bar,"551 5th Ave at 45th Street - The Fred French Bldg, New York City, NY 10176-0001",+1 212-537-0960,#116,$$ - $$$AmericanBarContemporary,528 reviews,See all hours,4.5,http://www.tommybahama.com/restaurants/restaurants/new-york-city.html,https://www.tripadvisor.com/Restaurant_Review-g60763-d3915336-Reviews-Tommy_Bahama_Restaurant_Bar-New_York_City_New_York.html
Bengal Tiger Indian Food,"58W 56th street 2nd flr 2nd Floor, New York City, NY 10019-3820",+1 212-265-2703,#117,$$ - $$$IndianVegetarian FriendlyVegan Options,561 reviews,,4.5,http://www.bengaltigerindianfood.com/,https://www.tripadvisor.com/Restaurant_Review-g60763-d5559688-Reviews-Bengal_Tiger_Indian_Food-New_York_City_New_York.html
Ribalta Pizza,"48 E 12th St, New York City, NY 10003-4640",+1 212-777-7781,#118,$$ - $$$ItalianPizzaNeapolitan,940 reviews,,4.5,http://www.ribaltapizzarestaurant.com/,https://www.tripadvisor.com/Restaurant_Review-g60763-d3158813-Reviews-Ribalta_Pizza-New_York_City_New_York.html
Forno's of Spain Restaurant,"47 Ferry St, Newark, NJ 07105-1443",+1 973-589-4767,#3,$$ - $$$SeafoodEuropeanSpanish,846 reviews,See all hours,4.5,http://www.fornosrestaurant.com/,https://www.tripadvisor.com/Restaurant_Review-g46671-d510780-Reviews-Forno_s_of_Spain_Restaurant-Newark_New_Jersey.html
Lupa Osteria Romana,"170 Thompson St, New York City, NY 10012",+1 212-982-5089,#477,$$ - $$$ItalianRomanaVegetarian Friendly,990 reviews,See all hours,4.0,http://luparestaurant.com/,https://www.tripadvisor.com/Restaurant_Review-g60763-d423393-Reviews-Lupa_Osteria_Romana-New_York_City_New_York.html
Momofuku Noodle Bar,"171 1st Ave btwn 10th & 11th St., New York City, NY 10003-2949",+1 212-777-7773,#119,$$ - $$$JapaneseAsianSoups,"1,487 reviews",,4.5,http://www.momofuku.com/,https://www.tripadvisor.com/Restaurant_Review-g60763-d1030684-Reviews-Momofuku_Noodle_Bar-New_York_City_New_York.html
Emporio,"231 Mott St, New York City, NY 10012-5711",+1 212-966-1234,#120,$$ - $$$ItalianVegetarian FriendlyVegan Options,594 reviews,,4.5,http://emporiony.com/,https://www.tripadvisor.com/Restaurant_Review-g60763-d1420210-Reviews-Emporio-New_York_City_New_York.html
Taverna Kyclades,"3307 Ditmars Blvd 36th Street, Astoria, NY 11105-2105",+1 718-545-8666,#3,$$ - $$$SeafoodMediterraneanGreek,805 reviews,See all hours,4.5,http://www.tavernakyclades.com/,https://www.tripadvisor.com/Restaurant_Review-g29837-d426027-Reviews-Taverna_Kyclades-Astoria_Queens_New_York.html
Gramercy Tavern,"42 E 20th St Frnt A, New York City, NY 10003-1300",+1 212-477-0777,#121,$$$$AmericanVegetarian FriendlyVegan Options,"3,783 reviews",,4.5,http://www.gramercytavern.com/,https://www.tripadvisor.com/Restaurant_Review-g60763-d424094-Reviews-Gramercy_Tavern-New_York_City_New_York.html
Veselka,"144 2nd Avenue at East 9th St., New York City, NY 10003",+1 212-228-9682,#122,$$ - $$$SoupsEastern EuropeanUkrainian,"1,070 reviews",See all hours,4.5,http://www.veselka.com/,https://www.tripadvisor.com/Restaurant_Review-g60763-d425819-Reviews-Veselka-New_York_City_New_York.html
Don Giovanni Ristorante,"214 10th Ave, New York City, NY 10011-4711",+1 212-242-9054,#818,$$ - $$$ItalianPizzaVegetarian Friendly,273 reviews,See all hours,4.0,http://www.dongiovanni-ny.com/?utm_source=TripAdvisor&utm_medium=TripAdvWebsite&utm_campaign=TA&utm_term=TA&utm_content=Chelsea,https://www.tripadvisor.com/Restaurant_Review-g60763-d479192-Reviews-Don_Giovanni_Ristorante-New_York_City_New_York.html
Masseria Dei Vini,"887 9th Ave., New York City, NY 10019",+1 212-315-2888,#123,$$$$ItalianPizzaNeapolitan,613 reviews,,4.5,http://www.masseriadeivini.com/,https://www.tripadvisor.com/Restaurant_Review-g60763-d7352928-Reviews-Masseria_Dei_Vini-New_York_City_New_York.html
Union Square Cafe,"101 E 19th St, New York City, NY 10003-3104",+1 212-243-4020,#124,$$$$AmericanVegetarian FriendlyVegan Options,"1,392 reviews",See all hours,4.5,http://www.unionsquarecafe.com/,https://www.tripadvisor.com/Restaurant_Review-g60763-d457829-Reviews-Union_Square_Cafe-New_York_City_New_York.html
O'Hara's Restaurant & Pub,"120 Cedar St, New York City, NY 10006-1530",+1 212-267-3032,#125,AmericanIrishBarPub,"1,507 reviews",,4.5,https://www.facebook.com/OharasPubNYC/,https://www.tripadvisor.com/Restaurant_Review-g60763-d528141-Reviews-O_Hara_s_Restaurant_Pub-New_York_City_New_York.html
IPPUDO WESTSIDE (Midtown),"321 W 51st St, New York City, NY 10019-6401",+1 212-974-2500,#126,$$ - $$$JapaneseAsianVegetarian Friendly,"1,346 reviews",,4.5,https://ippudous.com/location/,https://www.tripadvisor.com/Restaurant_Review-g60763-d4716678-Reviews-IPPUDO_WESTSIDE_Midtown-New_York_City_New_York.html
Gotham Restaurant,"12 E 12th St Flr 1, New York City, NY 10003-4428",+1 212-380-8660,#127,$$$$AmericanVegetarian FriendlyVegan Options,"1,766 reviews",,4.5,http://gothambarandgrill.com/,https://www.tripadvisor.com/Restaurant_Review-g60763-d423308-Reviews-Gotham_Restaurant-New_York_City_New_York.html
Benjamin Steakhouse,"52 E 41st St Between Park and Madison Avenue, New York City, NY 10017-6211",+1 212-297-9177,#264,$$$$AmericanSeafoodSoups,"2,513 reviews",See all hours,4.5,http://benjaminsteakhouse.com/nyc/?utm_source=TripAdvisor&utm_medium=TA41&utm_campaign=Web,https://www.tripadvisor.com/Restaurant_Review-g60763-d655719-Reviews-Benjamin_Steakhouse-New_York_City_New_York.html
Blue Dog Cookhouse & Bar,"308 W 50th St Worldwide Plaza, New York City, NY 10019-6629",+1 212-459-0700,#128,$$ - $$$AmericanBarVegetarian Friendly,493 reviews,07:00 AM - 10:00 PM,4.5,http://www.bluedognyc.com/,https://www.tripadvisor.com/Restaurant_Review-g60763-d8778055-Reviews-Blue_Dog_Cookhouse_Bar-New_York_City_New_York.html
STATE Grill and Bar,"21 West 33rd Street, Ground Floor Empire State Building, New York City, NY 10118",+1 212-216-9693,#129,$$ - $$$AmericanGrillVegetarian Friendly,358 reviews,See all hours,4.5,http://www.patinagroup.com/state-grill-and-bar,https://www.tripadvisor.com/Restaurant_Review-g60763-d7606257-Reviews-STATE_Grill_and_Bar-New_York_City_New_York.html
Nocello,"257 W 55th St, New York City, NY 10019-5232",+1 212-713-0224,#130,$$ - $$$ItalianTuscanCentral-Italian,453 reviews,See all hours,4.5,http://www.nocello.net/,https://www.tripadvisor.com/Restaurant_Review-g60763-d445236-Reviews-Nocello-New_York_City_New_York.html
New York Luncheonette,"135 E 50th St Suite 1, Randolph House, New York City, NY 10022-7504",+1 212-838-0165,#131,$AmericanDinerVegetarian Friendly,"1,189 reviews",,4.5,http://shivermepinchersmb.world/,https://www.tripadvisor.com/Restaurant_Review-g60763-d1740656-Reviews-New_York_Luncheonette-New_York_City_New_York.html
The Dead Rabbit,"30 Water St, New York City, NY 10004-2411",+1 646-422-7906,#132,$$ - $$$IrishBarPub,"1,396 reviews",See all hours,4.5,http://www.deadrabbitnyc.com/,https://www.tripadvisor.com/Restaurant_Review-g60763-d3903182-Reviews-The_Dead_Rabbit-New_York_City_New_York.html
Cafe Habana,"17 Prince Street, New York City, NY 10012-3507",+1 212-625-2001,#209,$MexicanCaribbeanLatin,768 reviews,See all hours,4.5,http://www.cafehabana.com/,https://www.tripadvisor.com/Restaurant_Review-g60763-d459152-Reviews-Cafe_Habana-New_York_City_New_York.html
Caravaggio Restaurant,"23 E. 74th St formerly Coco Pazzo, New York City, NY 10021-2617",+1 212-288-1004,#980,$$$$ItalianMediterraneanEuropean,231 reviews,See all hours,4.5,http://caravaggioristorante.com/,https://www.tripadvisor.com/Restaurant_Review-g60763-d423817-Reviews-Caravaggio_Restaurant-New_York_City_New_York.html
Jacob's Pickles,"509 Amsterdam Ave, New York City, NY 10024-3941",+1 212-470-5566,#133,$$ - $$$AmericanBarVegetarian Friendly,"1,040 reviews",,4.5,http://www.jacobspickles.com/,https://www.tripadvisor.com/Restaurant_Review-g60763-d3182887-Reviews-Jacob_s_Pickles-New_York_City_New_York.html
Hell's Kitchen,"754 9th Ave At 51st Street, New York City, NY 10019-8419",+1 212-977-1588,#134,$$ - $$$AmericanBarVegetarian Friendly,391 reviews,See all hours,4.5,http://www.hellskitchen-nyc.com/,https://www.tripadvisor.com/Restaurant_Review-g60763-d8847339-Reviews-Hell_s_Kitchen-New_York_City_New_York.html
Sea Fire Grill,"158 E 48th St Between 3rd and Lexington avenue, New York City, NY 10017-1224",+1 212-935-3785,#135,$$$$AmericanSteakhouseBar,"1,154 reviews",See all hours,4.5,http://theseafiregrill.com/?utm_source=tripadvisor&utm_medium=referral&utm_campaign=Web,https://www.tripadvisor.com/Restaurant_Review-g60763-d3731386-Reviews-Sea_Fire_Grill-New_York_City_New_York.html
Tops Diner,"500 Passaic Ave, East Newark, NJ 07029-2816",+1 973-481-0490,#1,$$ - $$$AmericanDinerVegetarian Friendly,592 reviews,06:00 AM - 01:00 AM,4.5,http://www.thetopsdiner.com/,https://www.tripadvisor.com/Restaurant_Review-g46402-d934347-Reviews-Tops_Diner-East_Newark_New_Jersey.html
The Meatball Shop - Hell's Kitchen,"798 9th Ave, New York City, NY 10019-5639",+1 212-230-5860,#136,$$ - $$$ItalianAmericanContemporary,"1,112 reviews",See all hours,4.5,https://www.themeatballshop.com/,https://www.tripadvisor.com/Restaurant_Review-g60763-d12176861-Reviews-The_Meatball_Shop_Hell_s_Kitchen-New_York_City_New_York.html
Nan Xiang Xiao Long Bao Manhattan,"24 W 33rd St, New York City, NY 10001-3332",+1 212-970-3888,"#3,029",$$ - $$$ChineseAsian,9 reviews,See all hours,4.5,https://nanxiangxiaolongbao.com/,https://www.tripadvisor.com/Restaurant_Review-g60763-d24984759-Reviews-Nan_Xiang_Xiao_Long_Bao_Manhattan-New_York_City_New_York.html
Via Brasil Restaurant,"34 W 46th St, New York City, NY 10036-4520",+1 212-997-1158,#137,$$ - $$$BrazilianLatinSouth American,484 reviews,,4.5,http://www.viabrasilrestaurant.com/,https://www.tripadvisor.com/Restaurant_Review-g60763-d459081-Reviews-Via_Brasil_Restaurant-New_York_City_New_York.html
Beyond Sushi,"62 W 56th St, New York City, NY 10019-3824",+1 646-964-5097,#138,$$ - $$$FusionHealthyVegetarian Friendly,240 reviews,See all hours,4.5,http://www.beyondsushi.com/,https://www.tripadvisor.com/Restaurant_Review-g60763-d7910543-Reviews-Beyond_Sushi-New_York_City_New_York.html
Dudley's,"85 Orchard St, New York City, NY 10002-4564",+1 212-925-7355,#139,$$ - $$$AmericanBarCafe,309 reviews,See all hours,4.5,http://www.dudleysnyc.com/,https://www.tripadvisor.com/Restaurant_Review-g60763-d3765402-Reviews-Dudley_s-New_York_City_New_York.html
Stage Door Deli,"26 Vesey St, New York City, NY 10007-2906",+1 212-791-5252,#140,$AmericanPizzaVegetarian Friendly,550 reviews,,4.5,http://www.stagedoordeliwtc.com/,https://www.tripadvisor.com/Restaurant_Review-g60763-d2614259-Reviews-Stage_Door_Deli-New_York_City_New_York.html
Hillstone,"378 Park Ave S, New York City, NY 10010-1702",+1 212-689-1090,#141,$$ - $$$AmericanBarSushi,660 reviews,,4.5,http://www.hillstone.com/hillstone/,https://www.tripadvisor.com/Restaurant_Review-g60763-d425334-Reviews-Hillstone-New_York_City_New_York.html
Miss Mamie's Spoonbread Too,"366 W 110th St, New York City, NY 10025-2633",+1 212-865-6744,"#2,659",$$ - $$$AmericanCaribbeanCajun & Creole,102 reviews,See all hours,4.0,https://spoonbreadinc.com/#,https://www.tripadvisor.com/Restaurant_Review-g60763-d426019-Reviews-Miss_Mamie_s_Spoonbread_Too-New_York_City_New_York.html
Red Farm,"2170 Broadway between 77th St & 76th St in Upper West Side, New York City, NY 10024-6642",+1 212-724-9700,#142,$$ - $$$ChineseAsianShanghai,695 reviews,See all hours,4.5,http://redfarmnyc.com/,https://www.tripadvisor.com/Restaurant_Review-g60763-d6474717-Reviews-Red_Farm-New_York_City_New_York.html
Tamarind - Tribeca,"99 Hudson St Frnt A, New York City, NY 10013-2815",+1 212-775-9000,#143,$$$$IndianVegetarian FriendlyVegan Options,760 reviews,,4.5,http://www.tamarindrestaurantsnyc.com/,https://www.tripadvisor.com/Restaurant_Review-g60763-d1985904-Reviews-Tamarind_Tribeca-New_York_City_New_York.html
Monte's Trattoria,"97 Macdougal St, New York City, NY 10012-1259",+1 212-228-9194,#144,$$ - $$$ItalianVegetarian FriendlyVegan Options,542 reviews,,4.5,http://www.montestrattorianyc.com/,https://www.tripadvisor.com/Restaurant_Review-g60763-d12717514-Reviews-Monte_s_Trattoria-New_York_City_New_York.html
Bubby's,"120 Hudson St corner of North Moore Street, New York City, NY 10013-2317",+1 212-219-0666,#145,$$ - $$$AmericanBarBarbecue,"1,650 reviews",,4.5,http://www.bubbys.com/,https://www.tripadvisor.com/Restaurant_Review-g60763-d423473-Reviews-Bubby_s-New_York_City_New_York.html
Obao,"647 9th Ave, New York City, NY 10036-3661",+1 212-245-8880,#146,$$ - $$$AsianThaiVietnamese,"1,242 reviews",See all hours,4.5,http://www.obaony.com/,https://www.tripadvisor.com/Restaurant_Review-g60763-d5937621-Reviews-Obao-New_York_City_New_York.html
Benjamin Steakhouse Prime,"23 E 40th St Between Park and Madison Avenue, New York City, NY 10016-0106",+1 212-338-0818,#147,$$$$AmericanSteakhouseSeafood,324 reviews,See all hours,4.5,http://benjaminsteakhouse.com/prime/?utm_source=tripadvisor&utm_medium=taprime&utm_campaign=Prime_Web,https://www.tripadvisor.com/Restaurant_Review-g60763-d11798975-Reviews-Benjamin_Steakhouse_Prime-New_York_City_New_York.html
PRINT.,"653 11th Ave Ground Level, New York City, NY 10036-2004",+1 212-757-2224,#148,$$$$AmericanVegetarian FriendlyVegan Options,997 reviews,07:00 AM - 3:00 PM,4.5,https://www.printrestaurant.com/,https://www.tripadvisor.com/Restaurant_Review-g60763-d1960435-Reviews-PRINT-New_York_City_New_York.html
Five Leaves,"18 Bedford Ave Greenpoint, Brooklyn, NY 11222-3102",+1 718-383-5345,#9,$$ - $$$AmericanCafeContemporary,630 reviews,,4.5,http://fiveleavesny.com/,https://www.tripadvisor.com/Restaurant_Review-g60827-d1367551-Reviews-Five_Leaves-Brooklyn_New_York.html
Jean Georges,"1 Central Park W, New York City, NY 10023-7702",+1 212-299-3900,#149,$$$$FrenchVegetarian FriendlyVegan Options,"1,965 reviews",See all hours,4.5,http://www.jean-georgesrestaurant.com/jean-georges/,https://www.tripadvisor.com/Restaurant_Review-g60763-d1657868-Reviews-Jean_Georges-New_York_City_New_York.html
Marea,"240 Central Park S, New York City, NY 10019-1457",+1 212-582-5100,#150,$$$$ItalianAmericanBar,"2,372 reviews",See all hours,4.5,http://www.marea-nyc.com/,https://www.tripadvisor.com/Restaurant_Review-g60763-d1444705-Reviews-Marea-New_York_City_New_York.html
Benjamin Steakhouse,"52 E 41st St Between Park and Madison Avenue, New York City, NY 10017-6211",+1 212-297-9177,#264,$$$$AmericanSeafoodSoups,"2,513 reviews",See all hours,4.5,http://benjaminsteakhouse.com/nyc/?utm_source=TripAdvisor&utm_medium=TA41&utm_campaign=Web,https://www.tripadvisor.com/Restaurant_Review-g60763-d655719-Reviews-Benjamin_Steakhouse-New_York_City_New_York.html
The Polo Bar,"1 E 55th St Between 5th & Madison Avenues, New York City, NY 10022-3111",+1 212-207-8562,#151,$$$$AmericanVegetarian FriendlyVegan Options,664 reviews,See all hours,4.5,https://www.ralphlauren.com/global-polo-bar?y_source=1_MTMwNzQ5MjAtNzY5LWxvY2F0aW9uLndlYnNpdGU%3D,https://www.tripadvisor.com/Restaurant_Review-g60763-d7390655-Reviews-The_Polo_Bar-New_York_City_New_York.html
San Matteo Pizza Espresso Bar,"1739 2nd Ave, New York City, NY 10128-3502",+1 646-374-2412,#152,$$ - $$$ItalianPizzaVegetarian Friendly,387 reviews,See all hours,4.5,http://www.sanmatteomenu.com/?utm_source=organic_tripadvisor&utm_medium=ta_website,https://www.tripadvisor.com/Restaurant_Review-g60763-d2256319-Reviews-San_Matteo_Pizza_Espresso_Bar-New_York_City_New_York.html
La Grenouille,"3 E 52nd St, New York City, NY 10022-5301",+1 212-752-1495,#153,$$$$FrenchVegetarian FriendlyGluten Free Options,926 reviews,See all hours,4.5,http://la-grenouille.com/,https://www.tripadvisor.com/Restaurant_Review-g60763-d424452-Reviews-La_Grenouille-New_York_City_New_York.html
Robert,"2 Columbus Cir 9th Floor, New York City, NY 10019-1800",+1 212-299-7730,#154,$$$$AmericanEuropeanVegetarian Friendly,"1,688 reviews",See all hours,4.5,https://robertnyc.com/,https://www.tripadvisor.com/Restaurant_Review-g60763-d1875229-Reviews-Robert-New_York_City_New_York.html
Fiat Cafe,"203 Mott St Frnt B, New York City, NY 10012-4562",+1 212-969-1809,#155,$$ - $$$ItalianCafeVegetarian Friendly,404 reviews,,4.5,http://www.fiatcafenyc.com/,https://www.tripadvisor.com/Restaurant_Review-g60763-d1812665-Reviews-Fiat_Cafe-New_York_City_New_York.html
Sathi,"216 3rd Ave, New York City, NY 10003-2549",+1 212-260-3700,"#2,166",$$ - $$$IndianAsianNepali,19 reviews,See all hours,4.5,http://www.sathinewyork.com/,https://www.tripadvisor.com/Restaurant_Review-g60763-d17601464-Reviews-Sathi-New_York_City_New_York.html
Mighty Quinn's Barbeque,"103 2nd Ave, New York City, NY 10003-8336",+1 212-677-3733,#156,$$ - $$$AmericanSouthwesternBarbecue,670 reviews,See all hours,4.5,http://mightyquinnsbbq.com/,https://www.tripadvisor.com/Restaurant_Review-g60763-d3832442-Reviews-Mighty_Quinn_s_Barbeque-New_York_City_New_York.html
Tom's Restaurant,"782 Washington Ave, Brooklyn, NY 11238-4506",+1 718-636-9738,#10,$AmericanDinerVegetarian Friendly,413 reviews,,4.5,http://tomsbrooklyn.com/,https://www.tripadvisor.com/Restaurant_Review-g60827-d484785-Reviews-Tom_s_Restaurant-Brooklyn_New_York.html
Beso,"70 Bay St, Staten Island, NY 10301",+1 718-816-8162,#4,$$ - $$$LatinInternationalSpanish,524 reviews,,4.5,http://www.besonyc.com/,https://www.tripadvisor.com/Restaurant_Review-g48682-d1125099-Reviews-Beso-Staten_Island_New_York.html
Fandi Mata,"74 Bayard St, Brooklyn, NY 11222-3905",+1 718-388-8877,#11,$$ - $$$PizzaMediterraneanHealthy,68 reviews,,5.0,http://www.fandimata.com/menu,https://www.tripadvisor.com/Restaurant_Review-g60827-d23404947-Reviews-Fandi_Mata-Brooklyn_New_York.html
Capizzi,"547 9th Ave, New York City, NY 10018-1324",+1 212-695-6900,#157,$$ - $$$ItalianPizzaVegetarian Friendly,"1,815 reviews",See all hours,4.5,https://www.facebook.com/CapizziNY,https://www.tripadvisor.com/Restaurant_Review-g60763-d1902953-Reviews-Capizzi-New_York_City_New_York.html
Ben & Jack's Steakhouse,"219 E 44th St, New York City, NY 10017-4305",+1 212-682-5678,"#1,079",$$$$AmericanSteakhouseBar,97 reviews,See all hours,4.5,https://www.benandjackssteakhouse.com/,https://www.tripadvisor.com/Restaurant_Review-g60763-d13194792-Reviews-Ben_Jack_s_Steakhouse-New_York_City_New_York.html
SeaHorse,"259 Front Street, New York City, NY 10038",+1 212-608-7873,#694,$$ - $$$AmericanSouthwesternBar,256 reviews,See all hours,4.5,http://www.cowgirlseahorse.com/,https://www.tripadvisor.com/Restaurant_Review-g60763-d2366015-Reviews-SeaHorse-New_York_City_New_York.html
Crave Fishbar,"945 Second Avenue Between 50th and 51st, New York City, NY 10022",+1 646-895-9585,#158,$$ - $$$AmericanSeafoodInternational,467 reviews,See all hours,4.5,https://cravefishbar.com/,https://www.tripadvisor.com/Restaurant_Review-g60763-d3459256-Reviews-Crave_Fishbar-New_York_City_New_York.html
The Capital Grille,"120 Broadway, New York City, NY 10271",+1 212-374-1811,#159,$$$$AmericanSteakhouseVegetarian Friendly,402 reviews,See all hours,4.5,https://www.thecapitalgrille.com/locations/ny/new-york/nyc-wall-street/8039,https://www.tripadvisor.com/Restaurant_Review-g60763-d1508456-Reviews-The_Capital_Grille-New_York_City_New_York.html
Trattoria Trecolori,"254 W 47th St, New York City, NY 10036-5652",+1 212-997-4540,#160,$$ - $$$ItalianVegetarian FriendlyVegan Options,"2,855 reviews",See all hours,4.5,http://www.trattoriatrecolori.com/,https://www.tripadvisor.com/Restaurant_Review-g60763-d477311-Reviews-Trattoria_Trecolori-New_York_City_New_York.html
Blue Ribbon Brasserie,"97 Sullivan St Frnt A, New York City, NY 10012-3663",+1 212-274-0404,#161,$$ - $$$AmericanSeafoodInternational,391 reviews,See all hours,4.5,https://www.blueribbonbrasserie.com/,https://www.tripadvisor.com/Restaurant_Review-g60763-d457154-Reviews-Blue_Ribbon_Brasserie-New_York_City_New_York.html
Barney Greengrass,"541 Amsterdam Ave 86th Street, New York City, NY 10024-2803",+1 212-724-4707,#162,$$ - $$$DeliEastern EuropeanIsraeli,573 reviews,See all hours,4.5,http://www.barneygreengrass.com/,https://www.tripadvisor.com/Restaurant_Review-g60763-d423640-Reviews-Barney_Greengrass-New_York_City_New_York.html
Brickyard Craft Kitchen & Beer,"23 Park Pl, New York City, NY 10007",+1 646-449-0826,#99,American,5 reviews,See all hours,5.0,http://www.brickyardbarnyc.com/,https://www.tripadvisor.com/Restaurant_Review-g60763-d25401922-Reviews-Brickyard_Craft_Kitchen_Beer-New_York_City_New_York.html
Rainbow Room,"30 Rockefeller Plz 65th Floor, New York City, NY 10112-0015",+1 212-632-5000,#163,$$$$AmericanContemporaryVegetarian Friendly,700 reviews,06:30 AM - 2:30 PM,4.5,http://www.rainbowroom.com/,https://www.tripadvisor.com/Restaurant_Review-g60763-d7260260-Reviews-Rainbow_Room-New_York_City_New_York.html
Delmonico's,"56 Beaver St Frnt A, New York City, NY 10004-2436",+1 212-381-1237,#164,$$$$AmericanSteakhouseGluten Free Options,"1,036 reviews",See all hours,4.5,http://www.theoriginaldelmonicos.com/,https://www.tripadvisor.com/Restaurant_Review-g60763-d459628-Reviews-Delmonico_s-New_York_City_New_York.html
Hakata Ippudo NY,"65 4th Ave, New York City, NY 10003-5220",+1 212-388-0088,#165,$$ - $$$JapaneseAsianSoups,622 reviews,See all hours,4.5,https://ippudous.com/location/,https://www.tripadvisor.com/Restaurant_Review-g60763-d1026774-Reviews-Hakata_Ippudo_NY-New_York_City_New_York.html
Cuba,"222 Thompson St, New York City, NY 10012-1363",+1 212-420-7878,#166,$$ - $$$CaribbeanLatinCuban,482 reviews,,4.5,http://cubanyc.com/,https://www.tripadvisor.com/Restaurant_Review-g60763-d941063-Reviews-Cuba-New_York_City_New_York.html
Real Kung Fu Little Steamed Buns Ramen,"811 8th Ave, New York City, NY 10019",+1 917-388-2555,#167,$ChineseAsianSoups,476 reviews,See all hours,4.5,http://www.kungfulittlesteamedbunsramen.com/,https://www.tripadvisor.com/Restaurant_Review-g60763-d6872074-Reviews-Real_Kung_Fu_Little_Steamed_Buns_Ramen-New_York_City_New_York.html
Ben & Jack's Steakhouse,"219 E 44th St, New York City, NY 10017-4305",+1 212-682-5678,"#1,079",$$$$AmericanSteakhouseBar,97 reviews,See all hours,4.5,https://www.benandjackssteakhouse.com/,https://www.tripadvisor.com/Restaurant_Review-g60763-d13194792-Reviews-Ben_Jack_s_Steakhouse-New_York_City_New_York.html
The River Cafe,"1 Water St, Brooklyn, NY 11201-1335",+1 718-522-5200,#12,$$$$AmericanVegetarian FriendlyVegan Options,"4,185 reviews",See all hours,4.5,https://rivercafe.com/,https://www.tripadvisor.com/Restaurant_Review-g60827-d482173-Reviews-The_River_Cafe-Brooklyn_New_York.html
Cafe Mogador,"101 St Marks Pl East Village, New York City, NY 10009-5146",+1 212-677-2226,#168,$$ - $$$MoroccanMediterraneanMiddle Eastern,573 reviews,See all hours,4.5,http://www.cafemogador.com/,https://www.tripadvisor.com/Restaurant_Review-g60763-d425824-Reviews-Cafe_Mogador-New_York_City_New_York.html
La Masseria,"235 W. 48th St., New York City, NY 10036-1404",+1 212-582-2111,#169,$$$$ItalianNeapolitanCampania,"1,998 reviews",See all hours,4.5,http://www.lamasserianyc.com/,https://www.tripadvisor.com/Restaurant_Review-g60763-d546786-Reviews-La_Masseria-New_York_City_New_York.html
Fiore Deli of Hoboken,"414 Adams St, Hoboken, NJ 07030-2693",+1 201-659-1655,#1,$ItalianDeli,170 reviews,,5.0,https://www.tripadvisor.pt/,https://www.tripadvisor.com/Restaurant_Review-g46515-d873710-Reviews-Fiore_Deli_of_Hoboken-Hoboken_New_Jersey.html
Boulud Sud,"20 W 64th St, New York City, NY 10023-7129",+1 212-595-1313,#170,$$$$MediterraneanHealthyVegetarian Friendly,937 reviews,See all hours,4.5,http://www.bouludsud.com/reservations,https://www.tripadvisor.com/Restaurant_Review-g60763-d2242032-Reviews-Boulud_Sud-New_York_City_New_York.html
Meduza Mediterrania New York,"657 Hudson Street Gansevoort Meatpacking NYC, New York City, NY 10014",+1 646-435-6544,"#4,639",$$$$Mediterranean,3 reviews,See all hours,5.0,http://www.meduza33.com/,https://www.tripadvisor.com/Restaurant_Review-g60763-d25777160-Reviews-Meduza_Mediterrania_New_York-New_York_City_New_York.html
Gyu-Kaku Japanese BBQ,"321 W 44th St, New York City, NY 10036-5404",+1 646-692-9115,#171,$$ - $$$JapaneseBarbecueAsian,429 reviews,See all hours,4.5,http://www.gyu-kaku.com/times-square,https://www.tripadvisor.com/Restaurant_Review-g60763-d3175593-Reviews-Gyu_Kaku_Japanese_BBQ-New_York_City_New_York.html
Momoya Chelsea,"185 7th Ave, New York City, NY 10011-1804",+1 212-989-4466,#172,$$ - $$$JapaneseSushiAsian,256 reviews,See all hours,4.5,http://www.momoyanyc.com/chelsea.php,https://www.tripadvisor.com/Restaurant_Review-g60763-d851947-Reviews-Momoya_Chelsea-New_York_City_New_York.html
44 & X,"622 10th Ave, New York City, NY 10036-3004",+1 212-977-1170,#173,$$ - $$$AmericanVegetarian FriendlyVegan Options,766 reviews,,4.5,http://www.44andx.com/,https://www.tripadvisor.com/Restaurant_Review-g60763-d425603-Reviews-44_X-New_York_City_New_York.html
Estiatorio Milos - Midtown New York,"125 W 55th St, New York City, NY 10019-5369",+1 212-245-7400,#174,$$$$SeafoodMediterraneanGreek,"1,599 reviews",See all hours,4.5,http://www.estiatoriomilos.com/,https://www.tripadvisor.com/Restaurant_Review-g60763-d424507-Reviews-Estiatorio_Milos_Midtown_New_York-New_York_City_New_York.html
Maison Premiere,"298 Bedford Ave, Brooklyn, NY 11249-4205",+1 347-335-0446,#13,$$ - $$$SeafoodGluten Free Options,343 reviews,,4.5,https://www.facebook.com/pages/category/Cocktail-Bar/Maison-Premiere-189612647729281/,https://www.tripadvisor.com/Restaurant_Review-g60827-d3192816-Reviews-Maison_Premiere-Brooklyn_New_York.html
Andrews Coffee Shop,"463 7th Ave, New York City, NY 10018-7604",+1 212-695-1962,#89,$AmericanCafeDiner,"2,415 reviews",06:00 AM - 10:00 PM,4.5,http://www.andrewsny.com/,https://www.tripadvisor.com/Restaurant_Review-g60763-d1762735-Reviews-Andrews_Coffee_Shop-New_York_City_New_York.html
Upland,"345 Park Ave S, New York City, NY 10010-1707",+1 212-686-1006,#175,$$ - $$$AmericanVegetarian FriendlyVegan Options,654 reviews,See all hours,4.5,https://www.uplandnyc.com/,https://www.tripadvisor.com/Restaurant_Review-g60763-d7192873-Reviews-Upland-New_York_City_New_York.html
Shanghai 21,"21 Mott St, New York City, NY 10013-5032",+1 212-766-6311,#176,$$ - $$$ChineseAsianShanghai,422 reviews,,4.5,http://shanghai21togo.com/,https://www.tripadvisor.com/Restaurant_Review-g60763-d2487744-Reviews-Shanghai_21-New_York_City_New_York.html
Cafe Boulud,"100 East 63rd St., New York City, NY 10065",+1 212-772-2600,#177,$$$$French,"1,201 reviews",,4.5,https://www.cafeboulud.com/nyc/,https://www.tripadvisor.com/Restaurant_Review-g60763-d423818-Reviews-Cafe_Boulud-New_York_City_New_York.html
Sean's Bar And Kitchen,"42 W 48th St, New York City, NY 10036",+1 212-764-9090,#2,$$ - $$$AmericanIrishBar,464 reviews,See all hours,4.5,http://www.seansbarandkitchen.com/,https://www.tripadvisor.com/Restaurant_Review-g60763-d10148283-Reviews-Sean_s_Bar_And_Kitchen-New_York_City_New_York.html
Bistro Les Amis,"180 Spring St, New York City, NY 10012-3703",+1 212-226-8645,#179,$$ - $$$FrenchEuropeanVegetarian Friendly,388 reviews,See all hours,4.5,http://www.bistrolesamis.com/,https://www.tripadvisor.com/Restaurant_Review-g60763-d479341-Reviews-Bistro_Les_Amis-New_York_City_New_York.html
Da Andrea,"35 W 13th St, New York City, NY 10011-7924",+1 212-367-1979,#249,$$ - $$$ItalianVegetarian FriendlyVegan Options,377 reviews,See all hours,4.5,https://www.facebook.com/daandreanyc/,https://www.tripadvisor.com/Restaurant_Review-g60763-d457849-Reviews-Da_Andrea-New_York_City_New_York.html
Saigon Shack,"114 Macdougal St, New York City, NY 10012",+1 212-228-0588,#180,$AsianVietnameseVegetarian Friendly,281 reviews,,4.5,https://www.saigonshack.com/,https://www.tripadvisor.com/Restaurant_Review-g60763-d3389328-Reviews-Saigon_Shack-New_York_City_New_York.html
The Mean Fiddler,"266 W 47th St Between 7th & 8th Ave, New York City, NY 10036-1411",+1 212-354-2950,#181,$$ - $$$IrishBarPub,"1,159 reviews",See all hours,4.5,http://www.themeanfiddlernyc.com/,https://www.tripadvisor.com/Restaurant_Review-g60763-d1734371-Reviews-The_Mean_Fiddler-New_York_City_New_York.html
Osteria Morini,"218 Lafayette St, New York City, NY 10012-4021",+1 212-965-8777,#182,$$ - $$$ItalianBarPub,760 reviews,,4.5,https://www.facebook.com/OsteriaMoriniSoho/,https://www.tripadvisor.com/Restaurant_Review-g60763-d1995049-Reviews-Osteria_Morini-New_York_City_New_York.html
Toscana 49,"143 E 49th St Between Lexington and third AV, New York City, NY 10017",+1 212-256-0190,#183,$$ - $$$ItalianTuscanVegetarian Friendly,753 reviews,See all hours,4.5,http://www.toscana49.com/,https://www.tripadvisor.com/Restaurant_Review-g60763-d10083109-Reviews-Toscana_49-New_York_City_New_York.html
Tasty Hand - Pulled Noodles,"1 Doyers St, New York City, NY 10013-5150",+1 212-791-1817,#184,$ChineseAsianVegetarian Friendly,433 reviews,See all hours,4.5,http://www.tastyhandpullednoodlesnyc.com/,https://www.tripadvisor.com/Restaurant_Review-g60763-d1510673-Reviews-Tasty_Hand_Pulled_Noodles-New_York_City_New_York.html
IZAKAYA E.A.K. Hell's Kitchen,"360 W 46th St, New York City, NY 10036-8339",+1 646-850-8032,"#2,499",$$ - $$$JapaneseAsianVegetarian Friendly,22 reviews,See all hours,4.5,http://eakramen.com/,https://www.tripadvisor.com/Restaurant_Review-g60763-d17767689-Reviews-IZAKAYA_E_A_K_Hell_s_Kitchen-New_York_City_New_York.html
Sistina,"24 E 81st St Between 80th & 81st Sts, New York City, NY 10028-0226",+1 212-861-7660,"#2,115",$$$$ItalianMediterraneanContemporary,176 reviews,See all hours,4.0,https://www.sistinany.com/,https://www.tripadvisor.com/Restaurant_Review-g60763-d23811025-Reviews-Sistina-New_York_City_New_York.html
John's of Bleecker Street,"278 Bleecker St, New York City, NY 10014-4105",+1 212-243-1680,#185,$$ - $$$ItalianPizzaVegetarian Friendly,"1,889 reviews",See all hours,4.5,http://www.johnsofbleeckerstreetmenu.com/?utm_source=organic_tripadvisor&utm_medium=ta_website,https://www.tripadvisor.com/Restaurant_Review-g60763-d492818-Reviews-John_s_of_Bleecker_Street-New_York_City_New_York.html
Chart House,"Lincoln Harbor Pier D-T Pier D-T Lincoln Harbor, Weehawken, NJ 07086",+1 201-348-6628,#1,$$$$AmericanSeafoodVegetarian Friendly,725 reviews,See all hours,4.5,https://www.chart-house.com/location/chart-house-weehawken-nj/,https://www.tripadvisor.com/Restaurant_Review-g46907-d7289700-Reviews-Chart_House-Weehawken_New_Jersey.html
Cookshop,"156 10th Ave, New York City, NY 10011-4758",+1 212-924-4440,#186,$$ - $$$AmericanVegetarian FriendlyVegan Options,"1,143 reviews",,4.5,http://www.cookshopny.com/,https://www.tripadvisor.com/Restaurant_Review-g60763-d590529-Reviews-Cookshop-New_York_City_New_York.html
Danji,"346 W 52nd St Frnt 2, New York City, NY 10019-6218",+1 212-586-2880,#187,$$ - $$$AsianKoreanVegetarian Friendly,509 reviews,,4.5,http://www.danjinyc.com/,https://www.tripadvisor.com/Restaurant_Review-g60763-d2035361-Reviews-Danji-New_York_City_New_York.html
Sakagura,"211 E 43rd St Basement, New York City, NY 10017-4707",+1 212-953-7253,#188,$$ - $$$JapaneseAsianVegetarian Friendly,509 reviews,See all hours,4.5,http://www.sakagura.com/,https://www.tripadvisor.com/Restaurant_Review-g60763-d425333-Reviews-Sakagura-New_York_City_New_York.html
Lupa Osteria Romana,"170 Thompson St, New York City, NY 10012",+1 212-982-5089,#477,$$ - $$$ItalianRomanaVegetarian Friendly,990 reviews,See all hours,4.0,http://luparestaurant.com/,https://www.tripadvisor.com/Restaurant_Review-g60763-d423393-Reviews-Lupa_Osteria_Romana-New_York_City_New_York.html
Black Tap,"529 Broome St, New York City, NY 10013-6400",+1 917-639-3089,#189,$$ - $$$AmericanBarVegetarian Friendly,861 reviews,See all hours,4.5,https://blacktap.com/location/soho/,https://www.tripadvisor.com/Restaurant_Review-g60763-d7993325-Reviews-Black_Tap-New_York_City_New_York.html
Il Gattopardo,"The Rockefeller Townhouse 13-15 W. 54th St., New York City, NY 10019-5422",+1 212-246-0412,#190,$$$$ItalianSouthern-ItalianVegetarian Friendly,786 reviews,See all hours,4.5,http://www.ilgattopardonyc.com/,https://www.tripadvisor.com/Restaurant_Review-g60763-d424586-Reviews-Il_Gattopardo-New_York_City_New_York.html
Birdland,"315 W 44th St, New York City, NY 10036-5402",+1 212-581-3080,#191,$$ - $$$AmericanBarVegetarian Friendly,374 reviews,,4.5,http://www.birdlandjazz.com/,https://www.tripadvisor.com/Restaurant_Review-g60763-d541243-Reviews-Birdland-New_York_City_New_York.html
Prince Street Pizza,"27 Prince St, New York City, NY 10012-3551",+1 212-966-4100,#192,$ItalianPizzaFast Food,478 reviews,See all hours,4.5,http://princestreetpizzanyc.com/,https://www.tripadvisor.com/Restaurant_Review-g60763-d3322154-Reviews-Prince_Street_Pizza-New_York_City_New_York.html
Flex Mussels,"154 W 13th St, New York City, NY 10011-7802",+1 212-229-0222,#193,$$ - $$$AmericanSeafoodGluten Free Options,260 reviews,See all hours,4.5,http://flexmusselsny.com/,https://www.tripadvisor.com/Restaurant_Review-g60763-d1984030-Reviews-Flex_Mussels-New_York_City_New_York.html
Meduza Mediterrania New York,"657 Hudson Street Gansevoort Meatpacking NYC, New York City, NY 10014",+1 646-435-6544,"#4,639",$$$$Mediterranean,3 reviews,See all hours,5.0,http://www.meduza33.com/,https://www.tripadvisor.com/Restaurant_Review-g60763-d25777160-Reviews-Meduza_Mediterrania_New_York-New_York_City_New_York.html
Guantanamera,"939 8th Ave Between West 55th and West 56th Streets, New York City, NY 10019-4264",+1 212-262-5354,#194,$$ - $$$CaribbeanLatinSpanish,679 reviews,,4.5,http://www.guantanamerany.com/Home.html,https://www.tripadvisor.com/Restaurant_Review-g60763-d658171-Reviews-Guantanamera-New_York_City_New_York.html
West Side Steakhouse,"597 10th Ave, New York City, NY 10036-3016",+1 212-564-4803,#195,$$ - $$$AmericanSteakhouse,"1,124 reviews",See all hours,4.5,http://www.westsidesteakhousenyc.com/,https://www.tripadvisor.com/Restaurant_Review-g60763-d1973314-Reviews-West_Side_Steakhouse-New_York_City_New_York.html
Artichoke Basille's Pizza,"321 E 14th St, New York City, NY 10003-4203",+1 212-228-2004,#196,$ItalianAmericanPizza,723 reviews,See all hours,4.5,http://www.artichokebasillespizzanewyork.com/?utm_source=organic_tripadvisor&utm_medium=ta_website,https://www.tripadvisor.com/Restaurant_Review-g60763-d15162035-Reviews-Artichoke_Basille_s_Pizza-New_York_City_New_York.html
Boqueria Soho,"171 Spring St, New York City, NY 10012-3843",+1 212-343-4255,#197,$$ - $$$SpanishVegetarian FriendlyVegan Options,659 reviews,See all hours,4.5,https://boqueriarestaurant.com/tapas-bar-nyc-soho/,https://www.tripadvisor.com/Restaurant_Review-g60763-d3190303-Reviews-Boqueria_Soho-New_York_City_New_York.html
Rossini's Restaurant,"108 E 38th St, New York City, NY 10016-2648",+1 212-683-0135,#198,$$$$ItalianVegetarian FriendlyVegan Options,497 reviews,,4.5,http://www.rossinisrestaurant.com/,https://www.tripadvisor.com/Restaurant_Review-g60763-d425346-Reviews-Rossini_s_Restaurant-New_York_City_New_York.html
Burger & Lobster,"39 W 19th St between Fifth & 6th Avenues, New York City, NY 10011-4225",+1 646-833-7532,#115,$$ - $$$AmericanSeafood,"1,104 reviews",See all hours,4.5,http://www.burgerandlobster.com/locations/new-york/flatiron/,https://www.tripadvisor.com/Restaurant_Review-g60763-d7345837-Reviews-Burger_Lobster-New_York_City_New_York.html
Whiskey Tavern,"79 Baxter St Frnt A, New York City, NY 10013-4462",+1 212-374-9119,#199,$$ - $$$AmericanBarPub,183 reviews,,4.5,http://whiskeytavernnyc.com/,https://www.tripadvisor.com/Restaurant_Review-g60763-d2212145-Reviews-Whiskey_Tavern-New_York_City_New_York.html
pizzArte,"69 W 55th St, New York City, NY 10019-4934",+1 212-247-3936,#200,$$ - $$$ItalianPizzaVegetarian Friendly,"1,423 reviews",,4.5,https://slicelife.com/restaurants/ny/new-york/10019/pizzarte/menu?utm_source=slice_m2022,https://www.tripadvisor.com/Restaurant_Review-g60763-d2314754-Reviews-PizzArte-New_York_City_New_York.html
Urbanspace Vanderbilt,"230 Park Ave Access New York Group, New York City, NY 10169",+1 646-747-0810,#201,$ItalianMexicanBar,421 reviews,06:30 AM - 8:00 PM,4.5,https://www.urbanspacenyc.com/,https://www.tripadvisor.com/Restaurant_Review-g60763-d8726958-Reviews-Urbanspace_Vanderbilt-New_York_City_New_York.html
Two Hands Nolita,"164 Mott St, New York City, NY 10013-4277",+1 646-781-9013,#202,$$ - $$$CafeHealthyAustralian,370 reviews,See all hours,4.5,http://www.twohandshospitality.com/,https://www.tripadvisor.com/Restaurant_Review-g60763-d7060226-Reviews-Two_Hands_Nolita-New_York_City_New_York.html
Red Rooster Harlem,"310 Lenox Ave, New York City, NY 10027-4449",+1 212-792-9001,#203,$$ - $$$AmericanBarVegetarian Friendly,"2,628 reviews",See all hours,4.0,https://www.redroosterharlem.com/?y_source=1_MzU5ODA5MDMtNzY5LWxvY2F0aW9uLndlYnNpdGU%3D,https://www.tripadvisor.com/Restaurant_Review-g60763-d2005333-Reviews-Red_Rooster_Harlem-New_York_City_New_York.html
The Ivory Peacock Bar,"38 W 26th Between 6th Avenue And Broadway, New York City, NY 10010",+1 646-930-8888,"#2,656",$$$$FrenchJapanese,9 reviews,See all hours,5.0,http://www.theivorypeacock.com/,https://www.tripadvisor.com/Restaurant_Review-g60763-d25458563-Reviews-The_Ivory_Peacock_Bar-New_York_City_New_York.html
Penelope,"159 Lexington Ave 30th Street, New York City, NY 10016-8154",+1 212-481-3800,#204,$$ - $$$AmericanCafeVegetarian Friendly,"1,256 reviews",,4.5,http://www.penelopenyc.com/,https://www.tripadvisor.com/Restaurant_Review-g60763-d425375-Reviews-Penelope-New_York_City_New_York.html
Franchia Vegan Cafe,"12 Park Ave between 34th and 35th Streets, New York City, NY 10016-4307",+1 212-213-1001,#205,$$ - $$$SushiAsianKorean,408 reviews,,4.5,http://www.franchia.com/,https://www.tripadvisor.com/Restaurant_Review-g60763-d425388-Reviews-Franchia_Vegan_Cafe-New_York_City_New_York.html
Dinosaur Bar-B-Que,"604 Union St, Brooklyn, NY 11215",+1 347-429-7030,#14,$$ - $$$,599 reviews,See all hours,4.5,http://dinosaurbarbque.com/locations/brooklyn,https://www.tripadvisor.com/Restaurant_Review-g60827-d4419640-Reviews-Dinosaur_Bar_B_Que-Brooklyn_New_York.html
An'nam,"234 W 48th St, New York City, NY 10036",+1 212-247-8318,#206,$$ - $$$JapaneseSushiAsian,314 reviews,See all hours,4.5,http://www.annam-ny.com/,https://www.tripadvisor.com/Restaurant_Review-g60763-d10027946-Reviews-An_nam-New_York_City_New_York.html
Friedman's,"132 W 31st St 450 10th Avenue, New York City, NY 10001-3406",+1 212-971-9400,#207,$$ - $$$AmericanVegetarian FriendlyVegan Options,"1,399 reviews",See all hours,4.5,http://www.friedmansrestaurant.com/,https://www.tripadvisor.com/Restaurant_Review-g60763-d5771824-Reviews-Friedman_s-New_York_City_New_York.html
Miss Mamie's Spoonbread Too,"366 W 110th St, New York City, NY 10025-2633",+1 212-865-6744,"#2,659",$$ - $$$AmericanCaribbeanCajun & Creole,102 reviews,See all hours,4.0,https://spoonbreadinc.com/#,https://www.tripadvisor.com/Restaurant_Review-g60763-d426019-Reviews-Miss_Mamie_s_Spoonbread_Too-New_York_City_New_York.html
Mastro's Steakhouse,"1285 Avenue of the Americas, New York City, NY 10019",+1 212-459-1222,#208,$$$$AmericanSteakhouseGluten Free Options,705 reviews,See all hours,4.5,https://www.mastrosrestaurants.com/Locations/NY/New-York/,https://www.tripadvisor.com/Restaurant_Review-g60763-d7231880-Reviews-Mastro_s_Steakhouse-New_York_City_New_York.html
